{
	// Style data id
	"id": "polyhedrug",

	// Hue options
	"hue_min": 0,
	"hue_max": 360,
	"hue_ping_pong": false,
	"hue_increment": 0.5,
	
	// Pulse options
	"pulse_min": 0.0,
	"pulse_max": 1.5,
	"pulse_increment": 0.025,

	// 3D options
	"3D_depth": 3,
	"3D_skew": 0.20,
	"3D_spacing": 453.5,
	"3D_darken_multiplier": 1.5,
	"3D_alpha_multiplier": 5.9,
	"3D_alpha_falloff": 16.0,

	// Main color
	"main": { "main": true, "dynamic": true, "value": [255, 0, 0, 255], "pulse": [-80, 75, 65, 0] },

	// Background colors
	"colors":
	[
		{ "dynamic": true, "dynamic_offset": false, "dynamic_darkness": 8.7, "value": [0, 0, 0, 0], "pulse": [0, 0, 0, 0]},
		{ "dynamic": true, "dynamic_offset": false, "dynamic_darkness": 9.5, "value": [0, 0, 0, 0], "pulse": [0, 0, 0, 0]}
	]
}