{
	// Level information
	"id": "hexagon_3",
	"name": "Hexagon 3",
	"description": "6 Sides, Rotating Fast",
	"author": "Innixma",
	"menu_priority": 3003,
	"selectable": true,
	
	// Style
	"style_id": "hexagon",
	
	// Music
	"music_id": "haveAnother",
	
	// Lua
	"lua_file": "defaultLevels/hexagon.lua",
	
	// Difficulty multipliers
	"difficulty_multipliers": [1.5, 2, 2.5, 3, 0.5, 5],
	
	// Basic values
	"speed_multiplier": 1,
	"speed_increment": 0.125,	
	"rotation_speed": 1,
	"rotation_increment": 0.2,
	"delay_multiplier": 1.00,
	"delay_increment": -0.01,
	"fast_spin": 0.00,
	"sides": 6,
	"sides_min": 6,
	"sides_max": 6,
	"increment_time": 15,
	"rotation_speed_max": 5,
	
	"pulse_min": 60,
	"pulse_max": 60,
	"pulse_speed": 1.2,
	"pulse_speed_r": 1,
	"pulse_delay_max": 23.9,
	
	"beatpulse_max": 0,
	"beatpulse_delay_max": 24.8,
	
	// Events
	"events":
	[
	]
}