{
	// Style data id
	"id": "wordless",

	// Hue options
	"hue_min": 0,
	"hue_max": 255,
	"hue_ping_pong": false,
	"hue_increment": 1.0,
	
	// Pulse options
	"pulse_min": -1.5,
	"pulse_max": 1.5,
	"pulse_increment": 0.025,
	
	// 3D options
	"3D_depth": 7,
	"3D_skew": 0.20,
	"3D_spacing": 1.3,
	"3D_darken_multiplier": 1.6,
	"3D_alpha_multiplier": 1,
	"3D_alpha_falloff": 0.1,
	"3D_override_color": [125, 185, 125, 255],

	// Main color
	"main": { "main": true, "dynamic": false, "value": [28, 20, 13, 225], "pulse": [0, 0, 0, 0] },

	// Background colors
	"colors":
	[
		{ "dynamic": false, "dynamic_offset": false, "dynamic_darkness": 1.0, "value": [242, 233, 225, 255], "pulse": [0, 0, 0, 0] },
		{ "dynamic": false, "dynamic_offset": false, "dynamic_darkness": 1.0, "value": [203, 232, 107, 255], "pulse": [-70, 0, 0, 0] },
		{ "dynamic": false, "dynamic_offset": false, "dynamic_darkness": 1.0, "value": [255, 255, 255, 255], "pulse": [0, 0, 0, 0] },
		{ "dynamic": false, "dynamic_offset": false, "dynamic_darkness": 1.0, "value": [203, 232, 107, 255], "pulse": [-70, 0, 0, 0] }
	]
}