{
	// Style data id
	"id": "wordlessinverse",

	// Hue options
	"hue_min": 0,
	"hue_max": 255,
	"hue_ping_pong": false,
	"hue_increment": 1.0,
	
	// Pulse options
	"pulse_min": -1.9,
	"pulse_max": 1.5,
	"pulse_increment": 0.025,

	// 3D options
	"3D_depth": 4,
	"3D_skew": 0.20,
	"3D_spacing": 2.6,

	
	// Main color
	"main": { "main": true, "dynamic": false, "value": [255, 255, 255, 225], "pulse": [0, 0, 0, 0] },

	// Background colors
	"colors":
	[
		{ "dynamic": false, "dynamic_offset": false, "dynamic_darkness": 1.0, "value": [12, 24, 30, 255], 	"pulse": [0, 0, 0, 0] },
		{ "dynamic": false, "dynamic_offset": false, "dynamic_darkness": 1.0, "value": [73, 31, 92, 255], 	"pulse": [0, 0, -30, 0] },
		{ "dynamic": false, "dynamic_offset": false, "dynamic_darkness": 1.0, "value": [25, 25, 25, 255], 	"pulse": [0, 0, 0, 0] },
		{ "dynamic": false, "dynamic_offset": false, "dynamic_darkness": 1.0, "value": [73, 31, 92, 255], 	"pulse": [0, 0, -30, 0] }
	]
}