{
	// Style data id
	"id": "real",

	// Hue options
	"hue_min": 200,
	"hue_max": 340,
	"hue_ping_pong": true,
	"hue_increment": 1.0,
	
	// Pulse options
	"pulse_min": 0,
	"pulse_max": 0,
	"pulse_increment": 0,

	// 3D options
	"3D_depth": 4,
	"3D_skew": 0,
	"3D_spacing": 2.5,
	"3D_darken_multiplier": 1.1,
	"3D_alpha_multiplier": 0.4,
	"3D_alpha_falloff": 15.0,
	"3D_override_color": [255, 0, 0, 255],
	
	// Main color
	"main": { "main": true, "dynamic": false, "value": [50, 50, 50, 255], "pulse": [0, 0, 0, 0] },

	// Background colors
	"colors":
	[
		{ "dynamic": true, "dynamic_offset": true, "dynamic_darkness": 1.0, "value": [190, 190, 190, 255], "pulse": [15, 15, 15, 0], "offset": 4.7},
		{ "dynamic": false, "dynamic_offset": false, "dynamic_darkness": 1.0, "value": [235, 235, 235, 255], "pulse": [0, 0, 0, 0]}
	]
}