{
	// Level information
	"id": "commando",
	"name": "commando",
	"description": "exponential difficulty \nfor exponential entertainment",
	"author": "vee",	
	"menu_priority": 50,
	"selectable": true,
	
	// Style
	"style_id": "wordless",
	
	// Music
	"music_id": "commandoSteve",
	
	// Lua
	"lua_file": "defaultLevels/commando.lua",
	
	// Difficulty multipliers
	"difficulty_multipliers": [1.25, 1.50, 0.75, 0.5, 0.25],
	
	// Basic values
	"speed_multiplier": 2.24,
	"speed_increment": 0.00,
	"rotation_speed": 0.00,
	"rotation_increment": 0.00,
	"delay_multiplier": 1.00,
	"delay_increment": 0.00,
	"fast_spin": 0.00,
	"sides": 4,
	"sides_min": 0,
	"sides_max": 0,
	"increment_time": 5,
	"rotation_speed_max": 0.7,
	"wall_skew_left": 30,
	
	"pulse_min": 75,
	"pulse_max": 91,
	"pulse_speed": 2,
	"pulse_speed_r": 1,
	"pulse_delay_max": 0.7,
	
	"beatpulse_max": 17,
	"beatpulse_delay_half_max": 23.8,
	
	//Events
	"events":
	[
		{ "time": 0, 	"type": "side_changing_stop" }
	]
}