{
	// Level information
	"id": "acceleradiant",
	"name": "acceleradiant",
	"description": "dunno lol",
	"author": "vee",	
	"menu_priority": 20,
	"selectable": true,
	
	// Style
	"style_id": "acceleradiant",
	
	// Music
	"music_id": "mrGawne",
	
	// Lua
	"lua_file": "defaultLevels/acceleradiant.lua",
	
	// Difficulty multipliers
	"difficulty_multipliers": [0.85, 1.25, 1.4],
	
	// Basic values
	"speed_multiplier": 2.26,
	"speed_increment": 0.045,
	"rotation_speed": 0.27,
	"rotation_increment": 0.045,
	"delay_multiplier": 1.095,
	"delay_increment": -0.015,
	"fast_spin": 71.00,
	"sides": 6,
	"sides_min": 5,
	"sides_max": 7,
	"increment_time": 15,
	"rotation_speed_max": 0.38,

	"wall_skew_left": 18,
	
	"pulse_min": 64,
	"pulse_max": 84,
	"pulse_speed": 1.05,
	"pulse_speed_r": 1.34,
	"pulse_delay_max": 3.7,
	"pulse_delay_max": 7.1,
	
	"beatpulse_max": 15,
	"beatpulse_delay_max": 21.8,
	
	//Events
	"events": []
}