{
	// Level information
	"id": "incongruence",
	"name": "incongruence",
	"description": "choose your side...",
	"author": "vee",	
	"menu_priority": 40,
	"selectable": true,
	
	// Style
	"style_id": "incongruence",
	
	// Music
	"music_id": "flirtFlirt",
	
	// Lua
	"lua_file": "defaultLevels/incongruence.lua",
	
	// Difficulty multipliers
	"difficulty_multipliers": [0.75, 1.25, 1.5],
	
	// Basic values
	"speed_multiplier": 2.70,
	"speed_increment": 0.11,
	"rotation_speed": 0.27,
	"rotation_increment": 0.045,
	"delay_multiplier": 1.10,
	"delay_increment": -0.04,
	"fast_spin": 71.00,
	"sides": 6,
	"sides_min": 0,
	"sides_max": 0,
	"increment_time": 15,
	"rotation_speed_max": 0.38,
	
	"pulse_min": 64,
	"pulse_max": 84,
	"pulse_speed": 1.05,
	"pulse_speed_r": 1.34,
	"pulse_delay_max": 3.7,
	"pulse_delay_max": 7.1,
	
	"beatpulse_max": 15,
	"beatpulse_delay_max": 21.8,
	
	//Events
	"events": 
	[
		{ "time": 0, 	"type": "side_changing_stop" }
	]
}