{
	// Style data id
	"id": "dark",

	// Hue options
	"hue_min": 0,
	"hue_max": 360,
	"hue_ping_pong": false,
	"hue_increment": 0.7,
	
	// Pulse options
	"pulse_min": 0.0,
	"pulse_max": 1.5,
	"pulse_increment": 0.025,

	// 3D options
	"3D_depth": 8,
	"3D_skew": 0.15,
	"3D_spacing": 1.5,
	
	// Main color
	"main": { "main": true, "dynamic": true, "value": [255, 0, 0, 255], "pulse": [-80, 75, 65, 0] },

	// Background colors
	"colors":
	[
		{ "dynamic": true, "dynamic_offset": false, "dynamic_darkness": 2.7, "value": [0, 0, 0, 0], "pulse": [0, 0, 0, 0]},
		{ "dynamic": true, "dynamic_offset": false, "dynamic_darkness": 3.5, "value": [0, 0, 0, 0], "pulse": [0, 0, 0, 0]}
	]
}