{
	// Style data id
	"id": "gray",

	// Hue options
	"hue_min": 149,
	"hue_max": 360,
	"hue_ping_pong": false,
	"hue_increment": 1.0,
	
	// Pulse options
	"pulse_min": 0.0,
	"pulse_max": 1.8,
	"pulse_increment": 0.027,

	// 3D options
	"3D_depth": 8,
	"3D_skew": 0.15,
	"3D_spacing": 1.5,
	
	// Main color
	"main": { "main": true, "dynamic": false, "value": [253, 253, 253, 255], "pulse": [0, 0, 0, 0] },

	// Background colors
	"colors":
	[
		{ "dynamic": false, "dynamic_offset": false, "dynamic_darkness": 1.0, "value": [90, 90, 90, 255], "pulse": [75, 15, 15, 0]},
		{ "dynamic": false, "dynamic_offset": false, "dynamic_darkness": 1.0, "value": [60, 60, 60, 255], "pulse": [0, 0, 0, 0]}
	]
}