{
	// Style data id
	"id": "toxic",

	// Hue options
	"hue_min": 0,
	"hue_max": 160,
	"hue_ping_pong": true,
	"hue_increment": 0.7,
	
	// Pulse options
	"pulse_min": 0.0,
	"pulse_max": 2.0,
	"pulse_increment": 0.025,

	// 3D options
	"3D_depth": 7,
	"3D_skew": 0.15,
	"3D_spacing": 1.2,
	
	// Main color
	"main": { "main": true, "dynamic": true, "value": [255, 0, 0, 255], "pulse": [0, 50, 0, 0] },

	// Background colors
	"colors":
	[
		{ "dynamic": true, "dynamic_offset": false, "dynamic_darkness": 2.7, "value": [0, 0, 0, 0], "pulse": [0, 0, 0, 0]},
		{ "dynamic": false, "dynamic_offset": true, "dynamic_darkness": 2.5, "value": [45, 60, 45, 255], "pulse": [25, 25, 25, 0], "offset": 5.0}
	]
}