{
	// Style data id
	"id": "tutorial2",

	// Hue options
	"hue_min": 0,
	"hue_max": 360,
	"hue_ping_pong": false,
	"hue_increment": 1.0,
	
	// Pulse options
	"pulse_min": 0.0,
	"pulse_max": 1.5,
	"pulse_increment": 0.025,

	// 3D options
	"3D_depth": 7,
	"3D_skew": 0.15,
	"3D_spacing": 1.5,
	"3D_darken_multiplier": 1.1,
	"3D_alpha_multiplier": 1.3,
	"3D_alpha_falloff": 5.0,
	"3D_override_color": [85, 55, 155, 155],

	// Main color
	"main": { "main": true, "dynamic": false, "value": [0, 0, 100, 255], "pulse": [0, 0, 25, 0] },

	// Background colors
	"colors":
	[
		{ "dynamic": false, "dynamic_offset": false, "dynamic_darkness": 1.0, "value": [230, 230, 255, 255], "pulse": [0, 0, 0, 0]},
		{ "dynamic": false, "dynamic_offset": false, "dynamic_darkness": 1.0, "value": [230, 200, 200, 255], "pulse": [0, 0, 0, 0]}
	]
}