{
	// Style data id
	"id": "rotation_3",

	// Hue options
	"hue_min": 330,
	"hue_max": 360,
	"hue_ping_pong": false,
	"hue_increment": 0,
	
	// Pulse options
	"pulse_min": 0,
	"pulse_max": 0,
	"pulse_increment": 0,

	// 3D options
	"3D_depth": 1,
	"3D_skew": 0.3,
	"3D_spacing": 2.5,
	"3D_darken_multiplier": 1.1,
	"3D_alpha_multiplier": 0.4,
	"3D_alpha_falloff": 15.0,
	"3D_override_color": [255, 0, 0, 255],
	
	// Main color
	"main": { "main": true, "dynamic": false, "value": [255, 255, 255, 255], "pulse": [0, 0, 0, 0] },

	// Background colors
	"colors":
	[
		{ "dynamic": false, "dynamic_offset": false, "dynamic_darkness": 1.0, "value": [0, 0, 0, 255], "pulse": [0, 0, 0, 0]},
		{ "dynamic": false, "dynamic_offset": false, "dynamic_darkness": 1.0, "value": [0, 0, 0, 255], "pulse": [0, 0, 0, 0]}
	]
}