1,0.00000,0.33334,4.40400
2,0.00001,0.33334,0.28200
3,0.00001,0.33334,0.28400
4,0.00000,0.33334,0.29000
5,0.00002,0.33334,0.29100
1,0.0000226336,0.3333624899,4.4869999886
2,0.0000278489,0.3333612084,0.2840001583
3,0.0000381767,0.3333579898,0.2929999828
4,0.0000240842,0.3333529532,0.2899999619
5,0.0000393158,0.3333530426,0.2919998169
6,0.0000315847,0.3333484530,0.2869999409
7,0.0000531438,0.3333486915,0.2889997959
8,0.0000304267,0.3333459795,0.2880001068
9,0.0000338193,0.3333457112,0.2869999409
10,0.0000339807,0.3333422244,0.2909998894
11,0.0000349338,0.3333413601,0.2890000343
12,0.0000350763,0.3333432078,0.2899999619
13,0.0000476448,0.3333404660,0.2869999409
14,0.0000542661,0.3333405256,0.2929999828
15,0.0000503159,0.3333369493,0.2899999619
16,0.0000474240,0.3333425820,0.2890000343
17,0.0000499653,0.3333400488,0.2889997959
18,0.0000543186,0.3333391249,0.2890000343
19,0.0000562849,0.3333354592,0.2869999409
20,0.0000669046,0.3333336115,0.2879998684
21,0.0000624174,0.3333341479,0.2870001793
22,0.0000769169,0.3333325386,0.2869999409
23,0.0000723803,0.3333316445,0.2929999828
1,0.0000146633,0.3333566189,4.9779999256
2,0.0000310945,0.3333562016,0.7739999294
3,0.0000478932,0.3333555758,0.7769999504
4,0.0000150064,0.3333534598,0.7820000648
5,0.0000197229,0.3333510756,0.8020000458
6,0.0000352186,0.3333503604,0.7790000439
7,0.0000273564,0.3333483338,0.7730000019
8,0.0000448119,0.3333479464,0.7850000858
9,0.0000447667,0.3333454132,0.7769999504
1,0.0000332129,0.3333382010,9.7100000381
2,0.0000364668,0.3333372176,0.9960000515
3,0.0000412166,0.3333376050,1.0299999714
4,0.0000528236,0.3333364725,1.0069999695
5,0.0000528886,0.3333368897,1.0030000210
6,0.0000632177,0.3333368301,1.0090000629
7,0.0000767817,0.3333356380,1.0190000534
8,0.0000632834,0.3333366811,1.0099999905
9,0.0000831900,0.3333353996,1.0050001144
10,0.0000885666,0.3333381116,1.0299999714
11,0.0000984140,0.3333372474,1.0039999485
12,0.0001099818,0.3333364129,1.0020000935
13,0.0000806288,0.3333401084,1.0080001354
14,0.0001124437,0.3333352506,1.0030000210
15,0.0001120840,0.3333367705,1.0050001144
1,0.0000734774,0.3333354592,4.6689999104
2,0.0000642852,0.3333366811,0.7709999084
3,0.0000483827,0.3333389759,0.7890000343
4,0.0000931994,0.3333366811,0.7690000534
5,0.0000767174,0.3333360851,0.7850000858
6,0.0000676242,0.3333359361,0.7620000839
7,0.0001005165,0.3333359957,0.7649998665
8,0.0000790704,0.3333343863,0.7689998150
9,0.0001035851,0.3333349228,0.7839999199
10,0.0001060709,0.3333369493,0.7930002213
1,-0.0000067694,0.3333461583,4.6930000782
2,0.0000110449,0.3333448172,0.7739999294
3,-0.0000109769,0.3333433867,0.7730000019
4,-0.0000144308,0.3333421648,0.7600002289
5,0.0000298531,0.3333407044,0.7599999905
6,-0.0000097868,0.3333390653,0.7599999905
7,0.0000203647,0.3333385587,0.7909998894
8,0.0000225236,0.3333377838,0.7599999905
9,0.0000116383,0.3333366215,0.7599999905
10,0.0000189537,0.3333353102,0.7599999905
11,0.0000271656,0.3333351612,0.7599999905
12,0.0000202351,0.3333349824,0.7599999905
13,0.0000370711,0.3333340883,0.7600002289
14,0.0000116095,0.3333343863,0.7599999905
15,0.0000363566,0.3333335817,0.7599999905
16,0.0000406841,0.3333337307,0.7609999180
17,0.0000154945,0.3333331645,0.7749998569
18,0.0000283601,0.3333338499,0.7449998856
19,0.0000602920,0.3333329260,0.7599999905
20,0.0000416474,0.3333337009,0.7599999905
21,0.0000528983,0.3333330452,0.7599999905
22,0.0000551120,0.3333324790,0.7759997845
23,0.0000776589,0.3333329558,0.7599999905
24,0.0000582253,0.3333337903,0.7599999905
25,0.0000608145,0.3333323598,0.7599999905
26,0.0000789050,0.3333348334,0.7599999905
27,0.0000681686,0.3333351016,0.7760000229
28,0.0000658318,0.3333355486,0.7599999905
29,0.0000734668,0.3333349824,0.7639999390
30,0.0000760836,0.3333344460,0.7599999905
31,0.0000609175,0.3333343863,0.7599999905
32,0.0000567586,0.3333328068,0.7599999905
33,0.0000850632,0.3333361447,0.7599999905
34,0.0000758003,0.3333362639,0.7599999905
35,0.0000885860,0.3333347440,0.7599999905
36,0.0000803833,0.3333330750,0.7599999905
37,0.0000826556,0.3333357573,0.7750000954
38,0.0000852275,0.3333330154,0.7599999905
39,0.0000883823,0.3333336115,0.7599999905
40,0.0000929168,0.3333368897,0.7599999905
41,0.0001356090,0.3333353102,0.7599999905
42,0.0001044832,0.3333382607,0.7599999905
43,0.0001031201,0.3333379626,0.7599999905
44,0.0001151493,0.3333386779,0.7599999905
45,0.0001108268,0.3333384097,0.7599999905
46,0.0001173083,0.3333365321,0.7599999905
47,0.0001202462,0.3333347440,0.7760000229
48,0.0001492415,0.3333376050,0.7599999905
49,0.0001103268,0.3333370090,0.7599999905
50,0.0001190386,0.3333351016,0.7560000420
51,0.0001258537,0.3333329856,0.7599999905
52,0.0001192229,0.3333329856,0.7599999905
53,0.0001435084,0.3333367705,0.7610001564
54,0.0001387496,0.3333388567,0.7599999905
55,0.0001383771,0.3333334029,0.7599999905
56,0.0001429220,0.3333369195,0.7759997845
57,0.0001494219,0.3333380818,0.7630000114
58,0.0001445615,0.3333374858,0.7760000229
59,0.0001870179,0.3333385587,0.7539999485
60,0.0001570367,0.3333376050,0.7649998665
61,0.0001423006,0.3333358169,0.7599999905
62,0.0001586827,0.3333395720,0.7599999905
63,0.0001565415,0.3333395123,0.7610001564
64,0.0001552364,0.3333385587,0.7599999905
65,0.0001550938,0.3333392739,0.7599999905
66,0.0001528266,0.3333365321,0.7599999905
67,0.0001737366,0.3333382607,0.7820000648
68,0.0001705883,0.3333374858,0.7749998569
69,0.0001799535,0.3333382010,0.7699999809
70,0.0001671189,0.3333368897,0.7599999905
71,0.0001803547,0.3333372474,0.7599999905
72,0.0001746996,0.3333422244,0.7599999905
73,0.0001812665,0.3333443403,0.7599999905
74,0.0001999130,0.3333453536,0.7599999905
75,0.0001995630,0.3333361447,0.7599999905
76,0.0001929393,0.3333451152,0.7600002289
77,0.0001950618,0.3333412111,0.7910001278
78,0.0002086350,0.3333395422,0.7759997845
79,0.0001992758,0.3333399296,0.7599999905
80,0.0002106851,0.3333378434,0.7599999905
81,0.0002105973,0.3333399892,0.7599999905
82,0.0002051217,0.3333436549,0.7599999905
83,0.0002165517,0.3333434463,0.7599999905
84,0.0002051696,0.3333381712,0.7479999065
85,0.0002190064,0.3333427012,0.7550001144
86,0.0002282854,0.3333372176,0.7599999905
87,0.0002254171,0.3333454728,0.7599999905
88,0.0002351664,0.3333381116,0.7760000229
89,0.0002341499,0.3333491087,0.7599999905
90,0.0002302055,0.3333461583,0.7599999905
91,0.0002395284,0.3333511353,0.7439999580
92,0.0002334323,0.3333385587,0.7750000954
93,0.0002413856,0.3333437741,0.7600002289
94,0.0002493535,0.3333458900,0.7599999905
95,0.0002361051,0.3333523870,0.7599999905
96,0.0002470728,0.3333383501,0.7599999905
97,0.0002321435,0.3333436251,0.7599999905
98,0.0002543157,0.3333407640,0.7749998569
99,0.0002426036,0.3333414793,0.7760000229
100,0.0002467077,0.3333499432,0.7760000229
101,0.0002544071,0.3333407342,0.7639999390
102,0.0002511853,0.3333503604,0.7599999905
103,0.0002574390,0.3333470225,0.7599999905
104,0.0002548962,0.3333452344,0.7609999180
105,0.0002604010,0.3333446383,0.7599999905
106,0.0002782708,0.3333433270,0.7599999905
107,0.0002652371,0.3333482444,0.7609999180
108,0.0002743266,0.3333461285,0.7760000229
109,0.0002874913,0.3333461285,0.7599999905
110,0.0002764786,0.3333508670,0.7599999905
111,0.0002899446,0.3333430588,0.7599999905
112,0.0002821089,0.3333493769,0.7599999905
113,0.0002796442,0.3333522379,0.7599999905
114,0.0002962592,0.3333375752,0.7599999905
115,0.0003196230,0.3333474994,0.7609999180
116,0.0002948762,0.3333607912,0.7650001049
117,0.0003096427,0.3333396018,0.7599999905
118,0.0003074034,0.3333555460,0.7760000229
119,0.0002916479,0.3333491683,0.7599999905
120,0.0003132127,0.3333544731,0.7599999905
121,0.0003111413,0.3333522081,0.7609999180
122,0.0002953597,0.3333558440,0.7599999905
123,0.0003127207,0.3333487809,0.7599999905
124,0.0002957110,0.3333482146,0.7609999180
125,0.0003148360,0.3333497941,0.7599999905
126,0.0003326396,0.3333543539,0.7599999905
127,0.0003341036,0.3333439231,0.7599999905
128,0.0003360308,0.3333416581,0.7599999905
129,0.0003257603,0.3333500028,0.7749998569
130,0.0003407411,0.3333558440,0.7599999905
131,0.0003338061,0.3333552778,0.7600002289
132,0.0003481855,0.3333461881,0.7660000324
133,0.0003341227,0.3333550096,0.7599999905
134,0.0003374840,0.3333494663,0.7599999905
135,0.0003240075,0.3333435953,0.7599999905
136,0.0003241584,0.3333544433,0.7599999905
137,0.0003223828,0.3333532810,0.7630000114
138,0.0003298441,0.3333438933,0.7599999905
139,0.0003244350,0.3333466053,0.7749998569
140,0.0003192061,0.3333477378,0.7599999905
141,0.0003389029,0.3333515525,0.7599999905
142,0.0003311741,0.3333581090,0.7599999905
143,0.0003387492,0.3333483338,0.7599999905
144,0.0003366719,0.3333572447,0.7760000229
145,0.0003394482,0.3333623409,0.7599999905
146,0.0003532352,0.3333526552,0.7599999905
147,0.0003488917,0.3333495259,0.7599999905
148,0.0003456823,0.3333464861,0.7599999905
149,0.0003493447,0.3333579898,0.7669999599
150,0.0003598849,0.3333545029,0.7599999905
151,0.0003745916,0.3333553076,0.7599999905
152,0.0003668520,0.3333458900,0.7599999905
153,0.0003580857,0.3333680034,0.7599999905
154,0.0003556870,0.3333576024,0.7599999905
155,0.0003702838,0.3333552778,0.7760000229
156,0.0003642098,0.3333579898,0.7510001659
157,0.0003836758,0.3333696127,0.7599999905
158,0.0003604977,0.3333657086,0.7599999905
159,0.0003729510,0.3333593011,0.7619998455
160,0.0003641983,0.3333605230,0.7750000954
161,0.0003986169,0.3333563805,0.7599999905
162,0.0003718760,0.3333569169,0.7760000229
163,0.0003825372,0.3333566785,0.7599999905
164,0.0003742020,0.3333743215,0.7599999905
165,0.0003779475,0.3333625793,0.7609999180
166,0.0003908512,0.3333588541,0.7660000324
167,0.0003903267,0.3333646059,0.7599999905
168,0.0003834711,0.3333590031,0.7599999905
169,0.0004110734,0.3333603442,0.7599999905
170,0.0004117723,0.3333562911,0.7760000229
171,0.0003955838,0.3333666325,0.7630000114
172,0.0003935649,0.3333571553,0.7599999905
173,0.0004048166,0.3333725333,0.7599999905
174,0.0003927518,0.3333664834,0.7599999905
175,0.0004082751,0.3333542347,0.7599999905
176,0.0003985147,0.3333818316,0.7599999905
177,0.0004036882,0.3333621025,0.7599999905
178,0.0004064264,0.3333643973,0.7710001469
179,0.0004058505,0.3333693147,0.7599999905
180,0.0004091739,0.3333692253,0.7750000954
181,0.0003904848,0.3333717287,0.7599999905
182,0.0003970482,0.3333512545,0.7599999905
183,0.0004278393,0.3333717585,0.7599999905
184,0.0004169424,0.3333514929,0.7599999905
185,0.0004339115,0.3333756328,0.7609999180
186,0.0004192313,0.3333740830,0.7599999905
187,0.0003806386,0.3333619237,0.7599999905
188,0.0004014702,0.3333560824,0.7760000229
189,0.0004020670,0.3333704174,0.7599999905
190,0.0004011471,0.3333795667,0.7750000954
191,0.0003956817,0.3333681822,0.7599999905
192,0.0004116092,0.3333780766,0.7589998245
193,0.0004110427,0.3333672285,0.7599999905
194,0.0004063657,0.3333793581,0.7599999905
195,0.0004305528,0.3333657086,0.7599999905
196,0.0003963563,0.3333759010,0.7599999905
197,0.0004198109,0.3333542943,0.7500000000
198,0.0004088459,0.3333710134,0.7599999905
199,0.0004097274,0.3333723843,0.7599999905
200,0.0004229929,0.3333489299,0.7599999905
201,0.0004060827,0.3333533406,0.7909998894
202,0.0004046637,0.3333518505,0.7599999905
203,0.0004288541,0.3333761096,0.7599999905
204,0.0004269393,0.3333876431,0.7599999905
205,0.0004430403,0.3333784640,0.7599999905
206,0.0004038465,0.3333724141,0.7599999905
207,0.0004219113,0.3333783448,0.7599999905
208,0.0004202977,0.3333887160,0.7630000114
209,0.0004227598,0.3333829641,0.7599999905
210,0.0004235308,0.3333866298,0.7599999905
211,0.0004082739,0.3333800435,0.7760000229
212,0.0004011684,0.3333609998,0.7599999905
213,0.0004166427,0.3333753943,0.7599999905
214,0.0004375553,0.3333660364,0.7599999905
215,0.0004204508,0.3333575726,0.7630000114
216,0.0004136738,0.3333842158,0.7599999905
217,0.0004312114,0.3333813548,0.7599999905
218,0.0004332817,0.3333806992,0.7500000000
219,0.0004288371,0.3333683014,0.7599999905
220,0.0004305964,0.3333793879,0.7599999905
221,0.0004315493,0.3333810866,0.7750000954
222,0.0004221658,0.3333970010,0.7630000114
223,0.0004250822,0.3333724141,0.7599999905
224,0.0004564314,0.3333883286,0.7760000229
225,0.0004362064,0.3333800733,0.7649998665
226,0.0004484007,0.3333837390,0.7599999905
227,0.0004354938,0.3333753049,0.7599999905
228,0.0004351648,0.3333831728,0.7599999905
229,0.0004426201,0.3333830535,0.7630000114
230,0.0004497019,0.3333762884,0.7599999905
231,0.0004379660,0.3333707154,0.7910001278
232,0.0004213395,0.3333797455,0.7549998760
233,0.0004180713,0.3333650231,0.7599999905
234,0.0004255393,0.3333645165,0.7599999905
235,0.0004309070,0.3333810568,0.7599999905
236,0.0004227477,0.3333908319,0.7630000114
237,0.0004360544,0.3333671391,0.7599999905
238,0.0004315550,0.3333626390,0.7599999905
239,0.0004351365,0.3333615959,0.7599999905
240,0.0004271811,0.3333814740,0.7599999905
241,0.0004312173,0.3334045112,0.7599999905
242,0.0004342308,0.3333767056,0.7760000229
243,0.0004248782,0.3333700299,0.7569999695
244,0.0004355409,0.3333892822,0.7599999905
245,0.0004210831,0.3333653808,0.7599999905
246,0.0004317723,0.3333839774,0.7599999905
247,0.0004420858,0.3334152102,0.7599999905
248,0.0004630035,0.3333632648,0.7599999905
249,0.0004405650,0.3333896399,0.7590000629
250,0.0004311886,0.3333868682,0.7500000000
251,0.0004591168,0.3334021866,0.7599999905
252,0.0004168960,0.3333569169,0.7760000229
253,0.0004212991,0.3333739340,0.7599999905
254,0.0004291334,0.3333806694,0.7599999905
255,0.0004329500,0.3333606720,0.7599999905
256,0.0004230926,0.3334044516,0.7599999905
257,0.0004163516,0.3333981931,0.7590000629
258,0.0004190916,0.3333521485,0.7599999905
259,0.0004049650,0.3333880603,0.7599999905
260,0.0004385005,0.3333669007,0.7599999905
261,0.0004213556,0.3333823383,0.7599999905
262,0.0004293352,0.3333815336,0.7749998569
263,0.0004204545,0.3334042132,0.7599999905
264,0.0004216988,0.3333752453,0.7590000629
265,0.0004256853,0.3333981335,0.7599999905
266,0.0004126952,0.3333678544,0.7599999905
267,0.0004072477,0.3333772123,0.7599999905
268,0.0004201822,0.3334082961,0.7599999905
269,0.0004053918,0.3333886862,0.7630000114
270,0.0004146165,0.3333814442,0.7610001564
271,0.0004113176,0.3333789408,0.7680001259
272,0.0004010895,0.3333907127,0.7450001240
273,0.0004039536,0.3333893716,0.7849998474
274,0.0004166910,0.3333717287,0.7450001240
275,0.0004276095,0.3333809376,0.7599999905
276,0.0004039709,0.3333641887,0.7599999905
277,0.0003849929,0.3333573341,0.7599999905
278,0.0003753431,0.3333831429,0.7610001564
279,0.0003865930,0.3333935440,0.7599999905
280,0.0003924488,0.3333617151,0.7599999905
281,0.0003813237,0.3333788514,0.7599999905
282,0.0003980705,0.3333870769,0.7750000954
283,0.0004051430,0.3333825469,0.7760000229
284,0.0003890832,0.3334165812,0.7599999905
285,0.0004009463,0.3333516121,0.7610001564
286,0.0003935745,0.3333747089,0.7599999905
287,0.0003757409,0.3333665133,0.7599999905
288,0.0003790412,0.3334098458,0.7749998569
289,0.0003775929,0.3333787918,0.7599999905
290,0.0003820820,0.3333895206,0.7599999905
291,0.0003511081,0.3333557248,0.7600002289
292,0.0003718024,0.3333803415,0.7609999180
293,0.0003736718,0.3333817422,0.7760000229
294,0.0003482727,0.3333672583,0.7599999905
295,0.0003620960,0.3333664834,0.7599999905
296,0.0003745843,0.3333767951,0.7609999180
297,0.0003712859,0.3333838582,0.7750000954
298,0.0003526045,0.3334082961,0.7599999905
299,0.0003867885,0.3333835602,0.7619998455
300,0.0003672676,0.3333689570,0.7579998970
301,0.0003667685,0.3334043026,0.7760000229
302,0.0003730783,0.3333792984,0.7600002289
303,0.0003578313,0.3333626986,0.7599999905
304,0.0003612222,0.3333828449,0.7910001278
305,0.0003593150,0.3333935738,0.7599999905
306,0.0003827981,0.3334153891,0.7820000648
307,0.0003601152,0.3333811760,0.7750000954
308,0.0003681811,0.3333739936,0.7599999905
309,0.0003743426,0.3333970308,0.7599999905
310,0.0003717213,0.3333621621,0.7599999905
311,0.0003726004,0.3333958983,0.7599999905
312,0.0003744690,0.3333646059,0.7599999905
313,0.0003705179,0.3333745897,0.7599999905
314,0.0003839379,0.3334110379,0.7749998569
315,0.0003769367,0.3333810270,0.7760000229
316,0.0003972440,0.3333904743,0.7599999905
317,0.0003705195,0.3333929777,0.7599999905
318,0.0003747429,0.3333728909,0.7599999905
319,0.0003863919,0.3333832920,0.7579998970
320,0.0003772391,0.3333885372,0.7599999905
321,0.0003689836,0.3333914280,0.7539999485
322,0.0003725530,0.3333725929,0.7749998569
323,0.0003810681,0.3333914280,0.7599999905
324,0.0003783789,0.3334173560,0.7749998569
325,0.0003747607,0.3333975673,0.7599999905
326,0.0003773345,0.3334118724,0.7599999905
327,0.0003663877,0.3333771527,0.7599999905
328,0.0003865305,0.3333697319,0.7599999905
329,0.0003980760,0.3334012628,0.7609999180
330,0.0003835676,0.3333710432,0.7549998760
331,0.0003981174,0.3333778381,0.7599999905
332,0.0003991835,0.3333843946,0.7600002289
333,0.0003967088,0.3334024549,0.7599999905
334,0.0003889857,0.3333856463,0.7760000229
335,0.0003769103,0.3333821893,0.7599999905
336,0.0004054865,0.3333623409,0.7599999905
337,0.0004120272,0.3333835304,0.7750000954
338,0.0004004205,0.3333366513,0.7599999905
339,0.0003940228,0.3333753347,0.7599999905
340,0.0004000359,0.3333974481,0.7599999905
341,0.0003916408,0.3333826363,0.7750000954
342,0.0004030945,0.3333582878,0.7599999905
343,0.0003968212,0.3333618045,0.7599999905
344,0.0004179494,0.3333770633,0.7520000935
345,0.0003985879,0.3334203064,0.7749998569
346,0.0004069838,0.3333859444,0.7590000629
347,0.0004020740,0.3333895206,0.7599999905
348,0.0004131647,0.3333713710,0.7599999905
349,0.0003991179,0.3333556056,0.7440001965
350,0.0004021287,0.3333411217,0.7680001259
351,0.0004087709,0.3333813548,0.7599999905
352,0.0004099653,0.3333584368,0.7760000229
353,0.0004162364,0.3333870471,0.7599999905
354,0.0004142392,0.3334037662,0.7599999905
355,0.0004084689,0.3334176242,0.7609999180
356,0.0004044361,0.3333622217,0.7599999905
357,0.0004200962,0.3333579898,0.7599999905
358,0.0003980065,0.3333460391,0.7599999905
359,0.0004079064,0.3333473802,0.7599999905
360,0.0003951355,0.3334019780,0.7750000954
361,0.0004018685,0.3333697915,0.7599999905
362,0.0003978368,0.3333711922,0.7579998970
363,0.0003986243,0.3333764672,0.7760000229
364,0.0004023320,0.3333612978,0.7599999905
365,0.0004233372,0.3333860636,0.7750000954
366,0.0004044921,0.3334010541,0.7599999905
367,0.0004152954,0.3333471417,0.7620000839
368,0.0003968432,0.3333673179,0.7760000229
369,0.0004131900,0.3333463669,0.7599999905
370,0.0004350015,0.3334006965,0.7590000629
371,0.0004341891,0.3333621919,0.7600002289
372,0.0004247766,0.3333867788,0.7599999905
373,0.0004186187,0.3333562911,0.7610001564
374,0.0004247418,0.3334132433,0.7599999905
375,0.0004407141,0.3333695233,0.7760000229
376,0.0004366190,0.3333557844,0.7599999905
377,0.0004206978,0.3333957195,0.7590000629
378,0.0004127873,0.3333730698,0.7590000629
379,0.0004265525,0.3333742619,0.7599999905
380,0.0004101785,0.3333933949,0.7599999905
381,0.0003802802,0.3333721757,0.7599999905
382,0.0004181868,0.3333488107,0.7599999905
383,0.0004839177,0.3333620131,0.7599999905
384,0.0004958875,0.3333466947,0.7619998455
385,0.0005070295,0.3333495855,0.7599999905
386,0.0004916670,0.3333490193,0.7760000229
387,0.0005062970,0.3333835602,0.7599999905
388,0.0004714455,0.3333621025,0.7599999905
389,0.0004875448,0.3333787918,0.7599999905
390,0.0004869614,0.3333633840,0.7599999905
391,0.0004705231,0.3333908319,0.7620000839
392,0.0004646716,0.3333478272,0.7599999905
393,0.0004489109,0.3334085047,0.7599999905
394,0.0004706654,0.3333389163,0.7760000229
395,0.0004747983,0.3333493769,0.7600002289
396,0.0004489357,0.3333682120,0.7750000954
397,0.0004483672,0.3333741426,0.7449998856
398,0.0004441025,0.3333503604,0.7599999905
399,0.0004893154,0.3333705962,0.7760000229
400,0.0004432934,0.3333430290,0.7599999905
401,0.0004229802,0.3333349228,0.7599999905
402,0.0004245550,0.3333368599,0.7599999905
403,0.0004449670,0.3333786428,0.7599999905
404,0.0004080464,0.3333586752,0.7599999905
405,0.0004209046,0.3333266377,0.7599999905
406,0.0004203977,0.3333625793,0.7910001278
407,0.0004327796,0.3333833516,0.7599999905
408,0.0004220711,0.3333942294,0.7599999905
409,0.0004540351,0.3333690166,0.7599999905
410,0.0004383408,0.3333601654,0.7599999905
411,0.0004266028,0.3333332539,0.7599999905
412,0.0004323780,0.3333979249,0.7599999905
413,0.0004521165,0.3333713710,0.7599999905
414,0.0004371055,0.3333889246,0.7599999905
415,0.0004422558,0.3333582282,0.7679998875
416,0.0004397944,0.3333614469,0.7750000954
417,0.0004483497,0.3333319426,0.7599999905
418,0.0004527890,0.3333289027,0.7599999905
419,0.0004404230,0.3332686424,0.7720000744
420,0.0004326228,0.3333576620,0.7560000420
421,0.0004357486,0.3333583474,0.7599999905
422,0.0004380184,0.3333977461,0.7609999180
423,0.0004220180,0.3333137035,0.7599999905
424,0.0004098327,0.3333440423,0.7599999905
425,0.0004445568,0.3333131075,0.7599999905
426,0.0004345417,0.3333530426,0.7599999905
427,0.0004227729,0.3333386183,0.7910001278
428,0.0004158447,0.3332825899,0.7599999905
429,0.0004088528,0.3333049417,0.7600002289
430,0.0004143156,0.3333375454,0.7599999905
431,0.0004011031,0.3333266079,0.7599999905
432,0.0004276794,0.3333477080,0.7599999905
433,0.0003927629,0.3333861828,0.7599999905
434,0.0004130345,0.3333690166,0.7599999905
435,0.0004250886,0.3332695067,0.7599999905
436,0.0004124089,0.3333487511,0.7599999905
437,0.0004317973,0.3333837688,0.7749998569
438,0.0004117913,0.3333480060,0.7599999905
439,0.0004136407,0.3333616853,0.7599999905
440,0.0004226070,0.3333643079,0.7599999905
441,0.0004004244,0.3333017826,0.7630000114
442,0.0003861936,0.3333518505,0.7599999905
443,0.0003955716,0.3332702816,0.7599999905
444,0.0004150572,0.3333253264,0.7599999905
445,0.0004111727,0.3332904577,0.7750000954
446,0.0004028461,0.3332732916,0.7599999905
447,0.0004025100,0.3333031535,0.7750000954
448,0.0004043433,0.3333092332,0.7599999905
449,0.0004033672,0.3333475590,0.7599999905
450,0.0003814650,0.3333064914,0.7599999905
451,0.0003908767,0.3333224654,0.7599999905
452,0.0003946473,0.3333431184,0.7599999905
453,0.0004106623,0.3333246112,0.7599999905
454,0.0003959085,0.3332732618,0.7599999905
455,0.0003941598,0.3332899213,0.7760000229
456,0.0004042590,0.3333126009,0.7599999905
457,0.0003976707,0.3332941830,0.7749998569
458,0.0003861584,0.3332716823,0.7599999905
459,0.0003832252,0.3332601190,0.7599999905
460,0.0003935456,0.3333163857,0.7600002289
461,0.0003793930,0.3333232403,0.7599999905
462,0.0003834631,0.3332976997,0.7550001144
463,0.0003994046,0.3332751989,0.7760000229
464,0.0003858831,0.3332889974,0.7599999905
465,0.0003795831,0.3332743347,0.7609999180
466,0.0003937250,0.3332633674,0.7610001564
467,0.0004055626,0.3332605958,0.7600002289
468,0.0003893150,0.3332869709,0.7910001278
469,0.0003729169,0.3332680464,0.7600002289
470,0.0003649116,0.3333082795,0.7599999905
471,0.0003931644,0.3333552778,0.7599999905
472,0.0003729224,0.3332783580,0.7599999905
473,0.0003833705,0.3332658112,0.7599999905
474,0.0003705112,0.3332774639,0.7600002289
475,0.0003695333,0.3332661390,0.7599999905
476,0.0003741240,0.3332626820,0.7599999905
477,0.0003641331,0.3332356513,0.7660000324
478,0.0003576511,0.3332077265,0.7899999619
479,0.0003653163,0.3332954943,0.7599999905
480,0.0003702448,0.3332655728,0.7609999180
481,0.0003802571,0.3332349360,0.7599999905
482,0.0003584959,0.3332172632,0.7599999905
483,0.0003585526,0.3332722783,0.7599999905
484,0.0003763859,0.3332141936,0.7599999905
485,0.0003469832,0.3332372606,0.7590000629
486,0.0003596205,0.3332675099,0.7609999180
487,0.0003511540,0.3331744671,0.7599999905
488,0.0003527756,0.3332590461,0.7749998569
489,0.0003249886,0.3332447112,0.7599999905
490,0.0003193212,0.3331938088,0.7599999905
491,0.0003283115,0.3331933022,0.7599999905
492,0.0003372189,0.3332905471,0.7599999905
493,0.0003482401,0.3332050443,0.7599999905
494,0.0003306507,0.3331484199,0.7549998760
495,0.0003381611,0.3331626058,0.7599999905
496,0.0003180902,0.3332261443,0.7599999905
497,0.0003062405,0.3332243264,0.7599999905
498,0.0003187848,0.3332145214,0.7630000114
499,0.0003231848,0.3332757950,0.7760000229
500,0.0003090003,0.3332136869,0.7599999905
501,0.0003127792,0.3331863582,0.7599999905
502,0.0003210944,0.3332846761,0.7599999905
503,0.0003388924,0.3331207037,0.7599999905
504,0.0003080957,0.3331297636,0.7760000229
505,0.0003081656,0.3331539035,0.7599999905
506,0.0003005905,0.3331376314,0.7599999905
507,0.0003014162,0.3332095444,0.7599999905
508,0.0003080541,0.3330887258,0.7530000210
509,0.0002971637,0.3331918418,0.7760000229
510,0.0002862538,0.3331592083,0.7599999905
511,0.0002936880,0.3331583142,0.7599999905
512,0.0003110878,0.3331986666,0.7599999905
513,0.0002855803,0.3331516981,0.7500000000
514,0.0002989434,0.3331271708,0.7599999905
515,0.0002882830,0.3331570327,0.7600002289
516,0.0002789681,0.3331917822,0.7599999905
517,0.0002769131,0.3330569863,0.7599999905
518,0.0002659585,0.3331788778,0.7599999905
519,0.0002666451,0.3331551552,0.7750000954
520,0.0002708779,0.3331562877,0.7599999905
521,0.0002621558,0.3332129121,0.7590000629
522,0.0002507270,0.3330754638,0.7599999905
523,0.0002624262,0.3331806958,0.7599999905
524,0.0002378758,0.3330149055,0.7599999905
525,0.0002563308,0.3331447542,0.7750000954
526,0.0002516649,0.3331386447,0.7599999905
527,0.0002368905,0.3330307007,0.7560000420
528,0.0002270499,0.3331334591,0.7599999905
529,0.0002420162,0.3331531286,0.7760000229
530,0.0002285855,0.3331238031,0.7760000229
531,0.0002255798,0.3331155181,0.7599999905
532,0.0002207094,0.3331601620,0.7599999905
533,0.0002143659,0.3331315517,0.7599999905
534,0.0002274049,0.3330827653,0.7609999180
535,0.0001997707,0.3330808580,0.7599999905
536,0.0002334575,0.3331405222,0.7869999409
537,0.0002151941,0.3331073523,0.7649998665
538,0.0002030040,0.3330362141,0.7609999180
539,0.0001933787,0.3329140842,0.7599999905
540,0.0001859524,0.3331286907,0.7759997845
541,0.0001933099,0.3330549896,0.7449998856
542,0.0001834735,0.3332516551,0.7550001144
543,0.0001727586,0.3330172300,0.7599999905
544,0.0001843602,0.3330602050,0.7599999905
545,0.0001515425,0.3330777884,0.7599999905
546,0.0001602809,0.3329362273,0.7599999905
547,0.0001574946,0.3330598474,0.7599999905
548,0.0001283828,0.3330727816,0.7599999905
549,0.0001660713,0.3330329657,0.7460000515
550,0.0001532108,0.3331283033,0.7750000954
551,0.0001646459,0.3330069184,0.7599999905
552,0.0001441258,0.3330777287,0.7599999905
553,0.0001247987,0.3330130577,0.7690000534
554,0.0001254180,0.3329582214,0.7599999905
555,0.0001430310,0.3330673277,0.7599999905
556,0.0001034988,0.3329823613,0.7680001259
557,0.0001179803,0.3331000209,0.7599999905
558,0.0001021716,0.3329793811,0.7600002289
559,0.0000933145,0.3328233361,0.7630000114
560,0.0000890177,0.3330626190,0.7760000229
561,0.0000892247,0.3330100179,0.7600002289
562,0.0000555185,0.3330702484,0.7599999905
563,0.0000930903,0.3330040574,0.7599999905
564,0.0000801920,0.3329705596,0.7599999905
565,0.0000718950,0.3328805566,0.7599999905
566,0.0000734507,0.3331005573,0.7599999905
567,0.0000629733,0.3330243826,0.7599999905
568,0.0000853621,0.3330115080,0.7620000839
569,0.0000462247,0.3329765797,0.7599999905
570,0.0000594341,0.3328616321,0.7760000229
571,0.0000409378,0.3328944147,0.7599999905
572,0.0000594595,0.3330397010,0.7599999905
573,0.0000535149,0.3329357505,0.7599999905
574,0.0000424919,0.3328847289,0.7599999905
575,0.0000609303,0.3330244124,0.7599999905
576,0.0000183713,0.3329082727,0.7599999905
577,0.0000312878,0.3328783810,0.7599999905
578,0.0000296212,0.3328348398,0.7599999905
579,-0.0000038125,0.3328830898,0.7599999905
580,0.0000404875,0.3328797221,0.7599999905
581,0.0000046444,0.3328470588,0.7760000229
582,-0.0000024642,0.3327970505,0.7599999905
583,0.0000062797,0.3328243494,0.7599999905
584,-0.0000145983,0.3327842355,0.7579998970
585,0.0000125424,0.3328810334,0.7599999905
586,-0.0000216283,0.3327522278,0.7599999905
587,-0.0000434820,0.3327722549,0.7599999905
588,-0.0000267782,0.3328336477,0.7630000114
589,-0.0000375903,0.3327923715,0.7599999905
590,-0.0000512064,0.3328820467,0.7599999905
591,-0.0000378009,0.3329265416,0.7760000229
592,0.0003787564,0.3327618837,0.7750000954
593,0.0055131288,0.3329645395,0.7860000134
1,0.0000008143,0.3333405256,5.8510000706
2,0.0000027552,0.3333408535,0.8189997673
3,-0.0000130610,0.3333386481,0.8199999332
4,0.0000320198,0.3333378732,0.8309998512
5,0.0000489084,0.3333370090,0.8389999866
6,0.0000120519,0.3333374262,0.8229999542
7,0.0000378869,0.3333359659,0.8190000057
8,0.0000304390,0.3333360553,0.8190000057
9,0.0000361705,0.3333359659,0.8170001507
10,0.0000327586,0.3333346844,0.8289999962
11,0.0000112411,0.3333343267,0.8250000477
12,0.0000315717,0.3333353698,0.8090000153
13,0.0000223234,0.3333345056,0.8540000916
14,0.0000341074,0.3333352804,0.8159999847
15,0.0000238795,0.3333344758,0.8210000992
16,0.0000547148,0.3333345652,0.8190000057
17,0.0000440002,0.3333349526,0.8259999752
18,0.0000539979,0.3333348930,0.8239998817
19,0.0000535285,0.3333334029,0.8209998608
20,0.0000499233,0.3333345354,0.8220000267
21,0.0000513175,0.3333348632,0.8449997902
22,0.0000608823,0.3333340883,0.8180000782
23,0.0000633025,0.3333336115,0.8210000992
24,0.0000607500,0.3333343863,0.8270001411
25,0.0000703072,0.3333351612,0.8180000782
26,0.0000709758,0.3333318532,0.8240001202
27,0.0001011841,0.3333347738,0.8250000477
28,0.0000776893,0.3333334029,0.8330001831
29,0.0000737729,0.3333351314,0.8440001011
30,0.0000810782,0.3333316445,0.8199999332
31,0.0001012216,0.3333332837,0.8310000896
32,0.0000954200,0.3333334029,0.8270001411
33,0.0001111783,0.3333331645,0.8229999542
34,0.0001064185,0.3333349824,0.8350000381
35,0.0001119822,0.3333354890,0.8199999332
36,0.0001109309,0.3333345652,0.8280000687
37,0.0001289772,0.3333347440,0.8499999046
38,0.0001138628,0.3333358169,0.8320000172
39,0.0001369260,0.3333337903,0.8269999027
40,0.0001277549,0.3333346546,0.8210000992
41,0.0001478584,0.3333354592,0.8229999542
42,0.0001317281,0.3333335519,0.8320000172
43,0.0001411504,0.3333366513,0.8259999752
44,0.0001245275,0.3333331943,0.8259999752
45,0.0001463000,0.3333340883,0.8499999046
46,0.0001657458,0.3333333433,0.8410000801
47,0.0001618174,0.3333326578,0.8220000267
48,0.0001580367,0.3333361149,1.0390000343
49,0.0001469407,0.3333320022,0.8250000477
50,0.0001556161,0.3333338499,0.8259999752
51,0.0001642497,0.3333335519,0.8420000076
52,0.0001915559,0.3333365917,0.8169999123
53,0.0001966255,0.3333341479,0.8259999752
54,0.0002029980,0.3333342075,0.8300001621
55,0.0001791420,0.3333356678,0.8170001507
56,0.0001962411,0.3333323598,0.8190000057
57,0.0002021075,0.3333376646,0.8259999752
58,0.0002042756,0.3333336115,0.8190000057
59,0.0002082453,0.3333361745,0.8369998932
60,0.0002223987,0.3333375156,0.8190000057
61,0.0002135987,0.3333387971,0.8370001316
62,0.0002331291,0.3333348036,0.8220000267
63,0.0002494720,0.3333339095,0.8229999542
64,0.0002279802,0.3333315551,0.8180000782
65,0.0002344657,0.3333330154,0.8259999752
66,0.0002416909,0.3333333731,0.8200001717
67,0.0002377471,0.3333303928,0.8429999352
68,0.0002314137,0.3333367407,0.8259999752
69,0.0002566750,0.3333346248,0.8209998608
70,0.0002632520,0.3333342671,0.8250000477
71,0.0002738737,0.3333397508,0.8220000267
72,0.0002650260,0.3333366811,0.8329999447
73,0.0002624969,0.3333327174,0.8300001621
74,0.0002609387,0.3333311379,0.8240001202
75,0.0002915955,0.3333325386,0.8529999256
76,0.0002989573,0.3333350718,0.8269999027
77,0.0002852269,0.3333387971,0.8269999027
78,0.0002836848,0.3333327770,0.8210000992
79,0.0002520521,0.3333325684,0.8210000992
80,0.0003215883,0.3333357573,0.8289999962
81,0.0003192665,0.3333405852,0.8220000267
82,0.0002836326,0.3333301246,0.8309998512
83,0.0002971578,0.3333367705,0.8439998627
84,0.0002858734,0.3333373070,0.8269999027
85,0.0003244330,0.3333300948,0.8229999542
86,0.0003105571,0.3333359361,0.8280000687
87,0.0003113376,0.3333291709,0.8330001831
88,0.0003072683,0.3333331347,0.8299999237
89,0.0003385388,0.3333378136,0.8289999962
90,0.0003790720,0.3333262801,0.8619999886
91,0.0003717887,0.3333329558,0.8150000572
92,0.0003605561,0.3333286643,0.8229999542
93,0.0003621397,0.3333344758,0.8389999866
94,0.0003719518,0.3333300650,0.8360002041
95,0.0003659583,0.3333274126,0.8259999752
96,0.0003821910,0.3333327770,0.8279998302
97,0.0003851606,0.3333234787,0.8220000267
98,0.0003925537,0.3333353400,0.8220000267
99,0.0003687776,0.3333342075,0.8280000687
100,0.0003954766,0.3333256245,0.8180000782
101,0.0004015509,0.3333381116,0.8299999237
102,0.0003932926,0.3333344460,0.8429999352
103,0.0004032595,0.3333323002,0.8310000896
104,0.0004205334,0.3333351016,0.8250000477
105,0.0003999758,0.3333326876,0.8199999332
106,0.0003886340,0.3333308697,0.8249998093
107,0.0004401791,0.3333268762,0.8239998817
108,0.0004257070,0.3333301544,0.8310000896
109,0.0004506864,0.3333329856,0.8239998817
110,0.0004490720,0.3333308995,0.8429999352
111,0.0004229270,0.3333401680,0.8209998608
112,0.0004606846,0.3333393931,0.8220000267
113,0.0004666098,0.3333357275,0.8280000687
114,0.0004692612,0.3333356380,0.8180000782
115,0.0004403316,0.3333396316,0.8289999962
116,0.0004346269,0.3333305418,0.8239998817
117,0.0004529122,0.3333383799,0.8380000591
118,0.0005052525,0.3333360851,0.8380000591
119,0.0005177592,0.3333365023,0.8120000362
120,0.0004671318,0.3333345652,0.8120000362
121,0.0004785337,0.3333395422,0.8199999332
122,0.0004926745,0.3333398700,0.8190000057
123,0.0005005150,0.3333410323,0.8190000057
124,0.0004970307,0.3333316743,0.8129999638
125,0.0004945020,0.3333421350,0.8229999542
126,0.0004965502,0.3333358169,0.8320000172
127,0.0005147445,0.3333266377,0.8129999638
128,0.0004974399,0.3333405256,0.8140001297
129,0.0005181410,0.3333398104,0.8309998512
130,0.0005143268,0.3333275914,0.8250000477
131,0.0005246627,0.3333299756,0.8229999542
132,0.0005357081,0.3333334923,0.8209998608
133,0.0005290600,0.3333297670,0.8179998398
134,0.0005459840,0.3333286345,0.8399999142
135,0.0005380575,0.3333290219,0.8149998188
136,0.0005673874,0.3333323896,0.8110001087
137,0.0005598380,0.3333374560,0.8190000057
138,0.0005453691,0.3333395720,0.8569998741
139,0.0005622940,0.3333446383,0.8199999332
140,0.0005696084,0.3333257735,0.8250000477
141,0.0006048557,0.3333213627,0.8159999847
142,0.0005692904,0.3333367705,0.8409998417
143,0.0005994416,0.3333233595,0.8139998913
144,0.0005921053,0.3333260715,0.8229999542
145,0.0006152452,0.3333392739,0.8260002136
146,0.0006313041,0.3333504200,0.8110001087
147,0.0006391673,0.3333303332,0.8240001202
148,0.0005999757,0.3333214223,0.8170001507
149,0.0006167752,0.3333383799,0.8229999542
150,0.0006533425,0.3333443403,0.8350000381
151,0.0006706647,0.3333373070,0.8159999847
152,0.0006154083,0.3333272338,0.8169999123
153,0.0007178165,0.3333278894,0.8589999676
154,0.0007066313,0.3333314657,0.8519999981
155,0.0006510571,0.3333211243,0.8180000782
156,0.0007017195,0.3333290517,0.8180000782
157,0.0006655533,0.3333327174,0.8129999638
158,0.0007106629,0.3333222866,0.8339998722
159,0.0007642838,0.3333244026,0.8179998398
160,0.0007020026,0.3333131373,0.8129999638
161,0.0006770708,0.3333110213,0.8569998741
162,0.0006694415,0.3333227336,0.8379998207
163,0.0007302698,0.3333220482,0.8070001602
164,0.0007646432,0.3333153129,0.8389999866
165,0.0006962676,0.3333169818,0.8490002155
166,0.0007400010,0.3333169222,0.8289999962
167,0.0007504654,0.3333189487,0.8509998322
168,0.0007208074,0.3333197236,0.8200001717
169,0.0007163045,0.3333190680,0.8150000572
170,0.0008080562,0.3333091140,0.8269999027
171,0.0007900406,0.3333088756,0.8459999561
172,0.0007519962,0.3333057761,0.8499999046
173,0.0007851677,0.3333182037,0.8240001202
174,0.0008309401,0.3333100379,0.8480000496
175,0.0007903843,0.3333057761,0.8159999847
176,0.0008161515,0.3333188891,0.8190000057
177,0.0008389284,0.3333000243,0.8399999142
178,0.0008023674,0.3333123922,0.8259999752
179,0.0008368557,0.3333109617,0.8140001297
180,0.0008549959,0.3332982063,0.8300001621
181,0.0008380871,0.3333034813,0.8210000992
182,0.0008731422,0.3333192766,0.8530001640
183,0.0008429040,0.3333176374,0.8110001087
184,0.0008594656,0.3332979679,0.8179998398
185,0.0008722849,0.3333110511,0.8250000477
186,0.0008634171,0.3332917392,0.8250000477
187,0.0009030621,0.3333092034,0.8350000381
188,0.0009040117,0.3332988024,0.8209998608
189,0.0009605745,0.3333024979,0.8289999962
190,0.0009329938,0.3332913816,0.8269999027
191,0.0009187947,0.3332933784,0.8540000916
192,0.0008591661,0.3332896829,0.8159999847
193,0.0009047849,0.3332791626,0.8139998913
194,0.0008653719,0.3332975209,0.8250000477
195,0.0009445821,0.3333023190,0.8289999962
196,0.0009713691,0.3332930207,0.8179998398
197,0.0009632914,0.3332838714,0.8110001087
198,0.0009089375,0.3332830071,0.8150000572
199,0.0009307882,0.3332827389,0.8240001202
200,0.0009979289,0.3332787752,0.8300001621
201,0.0009534925,0.3332899511,0.8120000362
202,0.0010148556,0.3332845569,0.8090000153
203,0.0009599274,0.3332864046,0.8489999771
204,0.0009892550,0.3332922459,0.8169999123
205,0.0009771463,0.3332805037,0.8199999332
206,0.0009650267,0.3332757056,0.8150000572
207,0.0010204461,0.3332747817,0.8510000706
208,0.0010036038,0.3332776427,0.8199999332
209,0.0009942531,0.3332800865,0.8180000782
210,0.0010823340,0.3332727253,0.8150000572
211,0.0010744007,0.3332712650,0.8149998188
212,0.0010968823,0.3332731128,0.8379998207
213,0.0010213330,0.3332756758,0.8079998493
214,0.0010288298,0.3332754374,0.8280000687
215,0.0011442928,0.3332794905,0.8169999123
216,0.0011032053,0.3332725465,0.8359999657
217,0.0010491613,0.3332621455,0.8399999142
218,0.0010662919,0.3332639635,0.8190000057
219,0.0010800615,0.3332692087,0.8270001411
220,0.0011976620,0.3332629204,0.8310000896
221,0.0011847288,0.3332592249,0.8320000172
222,0.0011334645,0.3332623839,0.8069999218
223,0.0011303866,0.3332567811,0.8469998837
224,0.0011443623,0.3332603276,0.8289999962
225,0.0011350466,0.3332538009,0.8389999866
226,0.0011394770,0.3332521915,0.8209998608
227,0.0012424379,0.3332515955,0.8140001297
228,0.0011662099,0.3332570195,0.8329999447
229,0.0012389042,0.3332535625,0.8090000153
230,0.0011789781,0.3332501054,0.8190000057
231,0.0011675649,0.3332499564,0.8359999657
232,0.0012808489,0.3332487941,0.8209998608
233,0.0012752017,0.3332488537,0.8170001507
234,0.0012774447,0.3332482576,0.8469998837
235,0.0013004839,0.3332484365,0.8289999962
236,0.0013189233,0.3332478106,0.8039999008
237,0.0012045352,0.3332560956,0.8330001831
238,0.0012557955,0.3332445621,0.8170001507
239,0.0012899140,0.3332482874,0.8139998913
240,0.0013455031,0.3332479000,0.8140001297
241,0.0012511475,0.3332439065,0.8129999638
242,0.0012496823,0.3332479894,0.8289999962
243,0.0013569423,0.3332456946,0.8079998493
244,0.0013604292,0.3332445323,0.8139998913
245,0.0013805121,0.3332446814,0.8069999218
246,0.0013825512,0.3332431316,0.8059999943
247,0.0012885218,0.3332467079,0.8380000591
248,0.0013990900,0.3332383931,0.8220000267
249,0.0014125006,0.3332471251,0.8129999638
250,0.0013868341,0.3332370520,0.8239998817
251,0.0013310912,0.3332411647,0.8240001202
252,0.0013409706,0.3332393169,0.8120000362
253,0.0013814118,0.3332358003,0.8150000572
254,0.0014596025,0.3332429230,0.8049998283
255,0.0013657676,0.3332411051,0.8359999657
256,0.0014976369,0.3332335651,0.8169999123
257,0.0014573603,0.3332327902,0.8190000057
258,0.0013987063,0.3332365453,0.8169999123
259,0.0014145038,0.3332348466,0.8320000172
260,0.0014043368,0.3332353830,0.8059999943
261,0.0015199559,0.3332413435,0.8289999962
262,0.0014811407,0.3332309425,0.8049998283
263,0.0015387157,0.3332297802,0.8130002022
264,0.0014457110,0.3332287371,0.8329999447
265,0.0015618827,0.3332320452,0.8020000458
266,0.0014991679,0.3332311809,0.8200001717
267,0.0014788543,0.3332270384,0.8119997978
268,0.0015168836,0.3332337141,0.8320000172
269,0.0016126558,0.3332308531,0.8099999428
270,0.0015290312,0.3332295418,0.8340001106
271,0.0016402293,0.3332284391,0.8099999428
272,0.0015196481,0.3332278728,0.8320000172
273,0.0016126585,0.3332277536,0.8120000362
274,0.0016391242,0.3332225680,0.8429999352
275,0.0016476403,0.3332224488,0.8090000153
276,0.0015621686,0.3332204521,0.8309998512
277,0.0017272511,0.3332262635,0.8279998302
278,0.0016112044,0.3332228363,0.8150000572
279,0.0015933975,0.3332221806,0.8410000801
280,0.0017543096,0.3332213461,0.8019998074
281,0.0016129279,0.3332248926,0.8160002232
282,0.0016401124,0.3332165480,0.8240001202
283,0.0016242138,0.3332159519,0.8229999542
284,0.0016485406,0.3332151771,0.8020000458
285,0.0017920049,0.3332182765,0.8059999943
286,0.0017983598,0.3332138062,0.8269999027
287,0.0017998226,0.3332130909,0.8289999962
288,0.0018703550,0.3332212567,0.8120000362
289,0.0016617018,0.3332155943,0.8069999218
290,0.0016869938,0.3332158923,0.8190000057
291,0.0018818444,0.3332115114,0.8069999218
292,0.0019070532,0.3332189620,0.8289999962
293,0.0019287984,0.3332082927,0.8150000572
294,0.0017526073,0.3332105279,0.8169999123
295,0.0018749554,0.3332072496,0.8420000076
296,0.0019829117,0.3332054317,0.8059999943
297,0.0019865760,0.3332086504,0.8129999638
298,0.0017709185,0.3332035244,0.8359999657
299,0.0019676171,0.3332099617,0.8320000172
300,0.0020358188,0.3332030475,0.8079998493
301,0.0019998574,0.3332076371,0.8129999638
302,0.0018576866,0.3332028389,0.8069999218
303,0.0018205193,0.3332005739,0.8250000477
304,0.0020561228,0.3332276344,0.8099999428
305,0.0020324970,0.3332097530,0.8110001087
306,0.0020903747,0.3331985474,0.8069999218
307,0.0019147671,0.3331969976,0.8480000496
308,0.0019231274,0.3332074285,0.8010001183
309,0.0018968738,0.3331982195,0.8499999046
310,0.0019524678,0.3331986070,0.8059999943
311,0.0021090773,0.3331971169,0.8090000153
312,0.0019651174,0.3331999481,0.8120000362
313,0.0019472877,0.3331991434,0.8240001202
314,0.0021547049,0.3331918716,0.8210000992
315,0.0021957583,0.3331969678,0.8100001812
316,0.0019724215,0.3331894875,0.8140001297
317,0.0021377862,0.3332002461,0.8159999847
318,0.0021447609,0.3331896067,0.8159999847
319,0.0020296639,0.3331891298,0.8409998417
320,0.0020008888,0.3331876397,0.8120000362
321,0.0020159795,0.3331884742,0.8059999943
322,0.0022916710,0.3331908584,0.8289999962
323,0.0022184220,0.3331833482,0.8140001297
324,0.0022499487,0.3331839144,0.8280000687
325,0.0023226121,0.3331824541,0.8159999847
326,0.0020988015,0.3331877589,0.8229999542
327,0.0020940395,0.3331835866,0.8289999962
328,0.0021197640,0.3331879675,0.8129999638
329,0.0021625350,0.3331934512,0.8229999542
330,0.0021463926,0.3331973553,0.8140001297
331,0.0021473358,0.3331765532,0.8199999332
332,0.0024163676,0.3331781328,0.8219997883
333,0.0023737319,0.3331903219,0.8210000992
334,0.0022216938,0.3331821263,0.8450000286
335,0.0024636108,0.3331869841,0.8120000362
336,0.0024215411,0.3331863284,0.8129999638
337,0.0022254265,0.3331763446,0.8320000172
338,0.0022172779,0.3331785798,0.8180000782
339,0.0022108655,0.3331779838,0.8159999847
340,0.0022497301,0.3331756592,0.8099999428
341,0.0023143212,0.3331754804,0.8450000286
342,0.0022882081,0.3331683874,0.8200001717
343,0.0023214770,0.3331682682,0.8120000362
344,0.0023520906,0.3331729174,0.8610000610
345,0.0023112486,0.3331782818,0.8099999428
346,0.0025681490,0.3331642449,0.8359999657
347,0.0025014505,0.3331672549,0.8469998837
348,0.0024779167,0.3331615627,0.8129999638
349,0.0026162572,0.3331733346,0.8420000076
350,0.0026987623,0.3331598639,0.8159999847
351,0.0026578328,0.3331575394,0.8099999428
352,0.0026661637,0.3331572413,0.8039999008
353,0.0027892808,0.3331711590,0.8320000172
354,0.0025117346,0.3331560194,0.8179998398
355,0.0024624218,0.3331597447,0.8210000992
356,0.0027554512,0.3331543803,0.8140001297
357,0.0027587069,0.3331543803,0.8270001411
358,0.0027079638,0.3331673145,0.8090000153
359,0.0025167775,0.3331525624,0.8159999847
360,0.0028099066,0.3331557512,0.8399999142
361,0.0027935582,0.3331645429,0.8360002041
362,0.0025452219,0.3331471086,0.8139998913
363,0.0028913310,0.3331562281,0.8250000477
364,0.0026284731,0.3331544399,0.8209998608
365,0.0028481642,0.3331499994,0.8400001526
366,0.0028660453,0.3331473768,0.8059999943
367,0.0029190332,0.3331456482,0.8389999866
368,0.0026109093,0.3331510425,0.8120000362
369,0.0026334096,0.3331393301,0.8080000877
370,0.0029648521,0.3331400156,0.8450000286
371,0.0026845240,0.3331547379,0.8339998722
372,0.0029586095,0.3331451416,0.8099999428
373,0.0028763087,0.3331606984,0.8080000877
374,0.0027581991,0.3331401944,0.8180000782
375,0.0027563330,0.3331476450,0.8159999847
376,0.0030656059,0.3331413269,0.8310000896
377,0.0028681096,0.3331328034,0.8429999352
378,0.0027941549,0.3331316113,0.8100001812
379,0.0028621950,0.3331379890,0.8250000477
380,0.0027838128,0.3331517875,0.8129999638
381,0.0032035562,0.3331338763,0.8229999542
382,0.0028741742,0.3331493437,0.8239998817
383,0.0029255655,0.3331311941,0.8100001812
384,0.0030652836,0.3331242204,0.8330001831
385,0.0029222113,0.3331236541,0.8059999943
386,0.0033546444,0.3331329226,0.8359999657
387,0.0029181752,0.3331290781,0.8059999943
388,0.0029868002,0.3331370354,0.8190000057
389,0.0032166077,0.3331467211,0.8059999943
390,0.0029850306,0.3331159353,0.8299999237
391,0.0033223145,0.3331260085,0.8090000153
392,0.0030207583,0.3331127763,0.8059999943
393,0.0032870539,0.3331118822,0.8099999428
394,0.0034278769,0.3331104219,0.8309998512
395,0.0030705228,0.3331161439,0.8129999638
396,0.0031072295,0.3331077695,0.8059999943
397,0.0031083950,0.3331249952,0.8169999123
398,0.0033867219,0.3331257105,0.8150000572
399,0.0034375014,0.3331126869,0.8140001297
400,0.0031553223,0.3331205249,0.8370001316
401,0.0035100097,0.3331139684,0.8129999638
402,0.0036942458,0.3331029713,0.8430001736
403,0.0032359683,0.3331013322,0.8259999752
404,0.0032547358,0.3330993056,0.8009998798
405,0.0036991956,0.3330983520,0.8179998398
406,0.0036737926,0.3330973983,0.8069999218
407,0.0038858268,0.3331144750,0.8140001297
408,0.0033674454,0.3331133127,0.8359999657
409,0.0037017949,0.3330947161,0.8239998817
410,0.0037260719,0.3330911994,0.8059999943
411,0.0038242156,0.3330965340,0.8569998741
412,0.0037349544,0.3331037760,0.8090000153
413,0.0033954387,0.3330852985,0.8410000801
414,0.0039127986,0.3330857158,0.8529999256
415,0.0034414912,0.3331024945,0.8199999332
416,0.0034170409,0.3330802917,0.8340001106
417,0.0038042441,0.3330837488,0.8129999638
418,0.0036206825,0.3330925703,0.8239998817
419,0.0038946348,0.3331010342,0.8150000572
420,0.0040390585,0.3330895901,0.8270001411
421,0.0035006937,0.3330864608,0.8120000362
422,0.0040512644,0.3330745697,0.8380000591
423,0.0040513119,0.3330727816,0.8100001812
424,0.0035926655,0.3330675960,0.8080000877
425,0.0041297949,0.3330714405,0.8420000076
426,0.0037056867,0.3330805302,0.8169999123
427,0.0042803059,0.3330695629,0.8090000153
428,0.0037057220,0.3330662549,0.8150000572
429,0.0041689025,0.3330783546,0.8220000267
430,0.0041900221,0.3330665231,0.8259999752
431,0.0042207683,0.3330865800,0.8239998817
432,0.0037315129,0.3330669105,0.8040001392
433,0.0037541641,0.3330830336,0.8250000477
434,0.0041859699,0.3330649734,0.8190000057
435,0.0038268333,0.3330973983,0.8150000572
436,0.0042882580,0.3330987692,0.8109998703
437,0.0045122160,0.3330772221,0.8580000401
438,0.0038733138,0.3330525756,0.8120000362
439,0.0044058794,0.3330627382,0.8180000782
440,0.0045443359,0.3330661356,0.8079998493
441,0.0039717555,0.3330481946,0.8429999352
442,0.0041989526,0.3330459297,0.8180000782
443,0.0041098651,0.3330512643,0.8099999428
444,0.0047941054,0.3330613971,0.8069999218
445,0.0041707568,0.3330688477,0.8439998627
446,0.0046609435,0.3330567181,0.8280000687
447,0.0042211921,0.3330352306,0.8180000782
448,0.0048683924,0.3330515027,0.8500001431
449,0.0041119657,0.3330318928,0.8120000362
450,0.0047148475,0.3330423236,0.8070001602
451,0.0048881592,0.3330416083,0.8169999123
452,0.0041640014,0.3330599666,0.8180000782
453,0.0042338031,0.3330223560,0.8159999847
454,0.0048060124,0.3330247402,0.8329999447
455,0.0042284150,0.3330217004,0.8259999752
456,0.0047454853,0.3330166340,0.8129999638
457,0.0043563810,0.3330165446,0.8350000381
458,0.0043831831,0.3330307901,0.8090000153
459,0.0051687607,0.3330543041,0.8059999943
460,0.0043774759,0.3330258727,0.8320000172
461,0.0051775207,0.3330038488,0.8650000095
462,0.0051097432,0.3330149055,0.8199999332
463,0.0052130604,0.3330152929,0.8149998188
464,0.0045256526,0.3330242932,0.8310000896
465,0.0046002474,0.3330141008,0.8289999962
466,0.0045719724,0.3329976201,0.8050000668
467,0.0046188710,0.3330081105,0.8130002022
468,0.0052836388,0.3330133557,0.8369998932
469,0.0046356684,0.3330143094,0.8229999542
470,0.0046864594,0.3329962194,0.8289999962
471,0.0052202647,0.3330357075,0.8210000992
472,0.0054927664,0.3330239952,0.8519999981
473,0.0054388652,0.3330212235,0.8300001621
474,0.0047350163,0.3329961896,0.8190000057
475,0.0057400670,0.3330034018,0.8550000191
476,0.0048315651,0.3329977393,0.8099999428
477,0.0050610839,0.3329935968,0.8150000572
478,0.0057060109,0.3329825401,0.8320000172
479,0.0056760185,0.3329994977,0.8270001411
480,0.0049185129,0.3329839706,0.8040001392
481,0.0057861810,0.3329781592,0.8140001297
482,0.0058541195,0.3329679370,0.8339998722
483,0.0057867398,0.3329787850,0.8490002155
484,0.0051272302,0.3329727054,0.8109998703
485,0.0050456785,0.3329718709,0.8080000877
486,0.0051489896,0.3329684138,0.8219997883
487,0.0052645220,0.3329662085,0.8480000496
488,0.0052077747,0.3329581022,0.8209998608
489,0.0058881235,0.3329578936,0.8090000153
490,0.0058322707,0.3329535723,0.8360002041
491,0.0052134399,0.3329608142,0.8579998016
492,0.0059944298,0.3329638243,0.8070001602
493,0.0053200284,0.3329661489,0.8240001202
494,0.0053631822,0.3329436779,0.8180000782
495,0.0053564375,0.3329567015,0.8090000153
496,0.0063315304,0.3329694569,0.8150000572
497,0.0063524339,0.3329672217,0.8140001297
498,0.0063280729,0.3329310715,0.8209998608
499,0.0066187317,0.3329436779,0.8280000687
500,0.0055105197,0.3329249024,0.8169999123
501,0.0065619322,0.3329399824,0.8429999352
502,0.0055309315,0.3329285681,0.8429999352
503,0.0056519485,0.3329256773,0.8080000877
504,0.0064718570,0.3329364061,0.8090000153
505,0.0057239411,0.3329127431,0.8259999752
506,0.0057092840,0.3329241872,0.8049998283
507,0.0060037407,0.3329308331,0.8169999123
508,0.0058268537,0.3329153061,0.8120000362
509,0.0058122003,0.3329279423,0.8210000992
510,0.0067486390,0.3329085708,0.8249998093
511,0.0060581998,0.3329219818,0.8190000057
512,0.0059705479,0.3329344392,0.8139998913
513,0.0059781214,0.3329005837,0.8220000267
514,0.0061611817,0.3329136372,0.8220000267
515,0.0072518238,0.3328976929,0.8170001507
516,0.0065297335,0.3328911066,0.8110001087
517,0.0061441981,0.3328882754,0.8129999638
518,0.0062340009,0.3328828514,0.8169999123
519,0.0062103602,0.3328891993,0.8510000706
520,0.0065167560,0.3328868747,0.8059999943
521,0.0071979067,0.3328875303,0.8110001087
522,0.0064479997,0.3328927159,0.8159999847
523,0.0063094124,0.3328703344,0.8519999981
524,0.0078499736,0.3328732252,0.8099999428
525,0.0074197524,0.3328859508,0.8269999027
526,0.0066738138,0.3328955770,0.8099999428
527,0.0065549212,0.3328632712,0.8270001411
528,0.0076249139,0.3328797817,0.8080000877
529,0.0078690797,0.3328735828,0.8070001602
530,0.0068075913,0.3328679204,0.8090000153
531,0.0066836975,0.3329068720,0.8190000057
532,0.0068774200,0.3328423500,0.8389999866
533,0.0068523791,0.3328604996,0.8239998817
534,0.0067124986,0.3328298926,0.8200001717
535,0.0077391625,0.3328375220,0.8090000153
536,0.0069197058,0.3328283429,0.8129999638
537,0.0080067329,0.3328540623,0.8259999752
538,0.0080949841,0.3329151273,0.8180000782
539,0.0079920031,0.3328435421,0.8109998703
540,0.0071667139,0.3328563869,0.8229999542
541,0.0072171981,0.3328639269,0.8040001392
542,0.0070870453,0.3328422308,0.8359999657
543,0.0087125869,0.3328815401,0.8049998283
544,0.0071792677,0.3328591585,0.8120000362
545,0.0072888150,0.3328341246,0.8090000153
546,0.0076529984,0.3328201175,0.8420000076
547,0.0088142930,0.3327970803,0.8380000591
548,0.0085312948,0.3327896297,0.8149998188
549,0.0092347087,0.3328366280,0.8300001621
550,0.0075591728,0.3327924013,0.8080000877
551,0.0075854305,0.3327903152,0.8259999752
552,0.0084925704,0.3327912092,0.8129999638
553,0.0090163872,0.3328220546,0.8359999657
554,0.0076562818,0.3327842355,0.8209998608
555,0.0087881275,0.3327939510,0.8259999752
556,0.0090673026,0.3328238130,0.8519999981
557,0.0078337211,0.3328130245,0.8489999771
558,0.0078763226,0.3328234851,0.8090000153
559,0.0089835878,0.3328226209,0.8259999752
560,0.0093475524,0.3327856660,0.8120000362
561,0.0094245551,0.3327525854,0.8200001717
562,0.0082005383,0.3327949643,0.8420000076
563,0.0095488820,0.3327638507,0.8150000572
564,0.0095238853,0.3327848315,0.8159999847
565,0.0094635980,0.3327693939,0.8259999752
566,0.0096527478,0.3327565193,1.0409998894
567,0.0083719064,0.3327916265,0.8279998302
568,0.0085828286,0.3327481151,0.8310000896
569,0.0085409116,0.3327268660,0.8190000057
570,0.0098504014,0.3327902555,0.8270001411
571,0.0084051145,0.3327352703,0.8229999542
572,0.0085234288,0.3327581286,0.8059999943
573,0.0106163183,0.3327412605,0.8210000992
574,0.0085957283,0.3327332139,0.8260002136
575,0.0088474536,0.3327609599,0.8079998493
576,0.0087690754,0.3327482939,0.8220000267
577,0.0087609021,0.3327169120,0.8159999847
578,0.0087889787,0.3327448070,0.8029999733
579,0.0106143951,0.3327130079,0.8289999962
580,0.0103182727,0.3327408433,0.8179998398
581,0.0089913681,0.3326818049,0.8180000782
582,0.0088817989,0.3327052593,0.8689999580
583,0.0105574448,0.3327120245,0.8199999332
584,0.0105744684,0.3327096105,0.8160002232
585,0.0092911171,0.3326702118,0.8350000381
586,0.0092207715,0.3327056766,0.8059999943
587,0.0099161947,0.3326686919,0.8139998913
588,0.0111831781,0.3326888680,0.8220000267
589,0.0111247376,0.3326588869,0.8150000572
590,0.0109936912,0.3326459825,0.8370001316
591,0.0095070628,0.3326812387,0.8169999123
592,0.0095951213,0.3326712251,0.8300001621
593,0.0096702902,0.3326681852,0.8129999638
594,0.0113742501,0.3326705694,0.8699998856
595,0.0112073272,0.3326877058,0.8040001392
596,0.0116996188,0.3326509893,0.8059999943
597,0.0119295213,0.3326342404,0.8519999981
598,0.0118699716,0.3326305151,0.8059999943
599,0.0119161438,0.3326305449,0.8069999218
600,0.0105269160,0.3326302171,0.8479998112
601,0.0117773470,0.3326309323,0.8229999542
602,0.0101454221,0.3325895071,0.8180000782
603,0.0121746445,0.3326034248,0.8180000782
604,0.0126691638,0.3325939178,0.8350000381
605,0.0122864926,0.3326253593,0.8120000362
606,0.0122292172,0.3326407969,0.8310000896
607,0.0121975644,0.3326565623,0.8190000057
608,0.0105645172,0.3326124251,0.8140001297
609,0.0129755978,0.3326446414,0.8399999142
610,0.0107834805,0.3325695395,0.8099999428
611,0.0116590802,0.3326245546,0.8139998913
612,0.0127771720,0.3326023817,0.8190000057
613,0.0130569860,0.3325600624,0.8139998913
614,0.0109029291,0.3325729370,0.8420000076
615,0.0112418057,0.3325662017,0.8080000877
616,0.0110082617,0.3326317668,0.8020000458
617,0.0132409139,0.3325639367,0.8500001431
618,0.0115588717,0.3325074613,0.8190000057
619,0.0114570633,0.3326409459,0.8330001831
620,0.0136283655,0.3325033784,0.8110001087
621,0.0133469049,0.3325332701,0.8299999237
622,0.0116561921,0.3325656652,0.8099999428
623,0.0114491815,0.3325260282,0.8320000172
624,0.0119862435,0.3324730694,0.8550000191
625,0.0142487409,0.3324982524,0.8269999027
626,0.0119361514,0.3324636221,0.8199999332
627,0.0118870661,0.3325698972,0.8619999886
628,0.0147695448,0.3325088024,0.8209998608
629,0.0147286467,0.3324892521,0.8190000057
630,0.0143529968,0.3324760795,0.8280000687
631,0.0143515775,0.3325205743,0.8190000057
632,0.0123506906,0.3325251341,0.8249998093
633,0.0125507507,0.3325133920,0.8099999428
634,0.0124477791,0.3324249983,0.8270001411
635,0.0124559775,0.3325058222,0.8110001087
636,0.0123953912,0.3324248791,0.8029999733
637,0.0153605705,0.3324520588,0.8129999638
638,0.0149930818,0.3324488699,0.8159999847
639,0.0136041120,0.3324928880,0.8229999542
640,0.0151670966,0.3324665725,0.8190000057
641,0.0133034475,0.3325506449,0.8640000820
642,0.0128892427,0.3323732615,0.8429999352
643,0.0158160478,0.3324370980,0.8109998703
644,0.0155616077,0.3324198127,0.8420000076
645,0.0155820930,0.3323984742,0.8109998703
646,0.0133291213,0.3323825002,0.8120000362
647,0.0135440826,0.3324141204,0.8169999123
648,0.0161463600,0.3323923945,0.8539998531
649,0.0160274934,0.3324795365,0.8090000153
650,0.0160894617,0.3323946297,0.8129999638
651,0.0163974799,0.3323978782,0.8240001202
652,0.0167312287,0.3324016631,0.8280000687
653,0.0137135824,0.3323935866,0.8129999638
654,0.0163256954,0.3324508965,0.8120000362
655,0.0142364642,0.3323808908,0.8580000401
656,0.0143194040,0.3323201537,0.8190000057
657,0.0139994705,0.3323145211,0.8320000172
658,0.0144358892,0.3323046565,0.8059999943
659,0.0145328660,0.3323806524,0.8499999046
660,0.0169443004,0.3323403001,0.8199999332
661,0.0151861394,0.3322918415,0.8359999657
662,0.0146973338,0.3323166370,0.8189997673
663,0.0177017804,0.3323251605,0.8459999561
664,0.0178511422,0.3323550820,0.8519999981
665,0.0181177352,0.3323117495,0.8129999638
666,0.0147600621,0.3322988451,0.8489999771
667,0.0149864350,0.3323674202,0.8689999580
668,0.0151574556,0.3323664665,0.8049998283
669,0.0151776262,0.3322377801,0.8299999237
670,0.0151465144,0.3323245049,0.8059999943
671,0.0183392689,0.3323881030,0.8269999027
672,0.0152959358,0.3322375417,0.8050000668
673,0.0159961898,0.3322734237,0.8489999771
674,0.0157699306,0.3321909904,0.8399999142
675,0.0190922227,0.3321909308,0.8139998913
676,0.0159808323,0.3322405219,0.8170001507
677,0.0162135568,0.3321544528,0.8240001202
678,0.0159284230,0.3322201669,0.8350000381
679,0.0195384268,0.3321819603,0.8159999847
680,0.0192654021,0.3322140872,0.8119997978
681,0.0164083205,0.3321857452,0.8090000153
682,0.0167610981,0.3321605921,0.8359999657
683,0.0200221185,0.3322555423,0.8280000687
684,0.0199854374,0.3321060240,0.8000001907
685,0.0179774035,0.3321552575,0.8129999638
686,0.0167289115,0.3321773410,0.8450000286
687,0.0169004165,0.3321827054,0.8129999638
688,0.0204984359,0.3321884871,0.8289999962
689,0.0181371514,0.3320997357,0.8119997978
690,0.0173451044,0.3321255445,0.8359999657
691,0.0186966602,0.3320856094,0.8120000362
692,0.0210432690,0.3321042955,0.8139998913
693,0.0210190192,0.3321103752,0.8229999542
694,0.0176256597,0.3320834935,0.8409998417
695,0.0215778723,0.3321517110,0.8080000877
696,0.0216600839,0.3320804834,0.8320000172
697,0.0182519034,0.3320533037,0.8140001297
698,0.0221413299,0.3320668340,0.8410000801
699,0.0222033262,0.3320745230,0.8150000572
700,0.0231628623,0.3321066499,0.8260002136
701,0.0221792553,0.3321029544,0.8059999943
702,0.0183348693,0.3320647180,0.8369998932
703,0.0192857906,0.3320915103,0.8119997978
704,0.0193315335,0.3321425915,0.8020000458
705,0.0188247357,0.3320749998,0.8240001202
706,0.0200114809,0.3320472836,0.8499999046
707,0.0225924272,0.3319999874,0.8180000782
708,0.0195479821,0.3319675922,0.8389999866
709,0.0226262417,0.3319536746,0.8190000057
710,0.0232377406,0.3320649266,0.8149998188
711,0.0235166736,0.3319349885,0.8130002022
712,0.0190509781,0.3320235014,0.8169999123
713,0.0243000090,0.3319678903,0.8489999771
714,0.0196693484,0.3319126666,0.8139998913
715,0.0198036861,0.3319667578,0.8180000782
716,0.0239852183,0.3320702314,0.8129999638
717,0.0200163648,0.3319146633,0.8329999447
718,0.0198111571,0.3320450187,0.8229999542
719,0.0213988889,0.3319390416,0.8320000172
720,0.0204282273,0.3318729997,0.8210000992
721,0.0209064279,0.3318462670,0.8249998093
722,0.0267599151,0.3318696618,0.8169999123
723,0.0215386972,0.3318570256,0.8220000267
724,0.0254299175,0.3319341540,0.8190000057
725,0.0247851666,0.3318446279,0.8110001087
726,0.0213079024,0.3318748176,0.8420000076
727,0.0210689884,0.3318759501,0.8339998722
728,0.0228645671,0.3317988515,0.8069999218
729,0.0219572317,0.3318550587,0.8039999008
730,0.0270773098,0.3318831027,0.8289999962
731,0.0260996539,0.3318038881,0.8129999638
732,0.0223375037,0.3318479955,0.8190000057
733,0.0275332164,0.3319228292,0.8280000687
734,0.0258560609,0.3317566514,0.8489999771
735,0.0272336081,0.3317141533,0.8080000877
736,0.0227133036,0.3317079246,0.8149998188
737,0.0271816030,0.3317791224,0.8040001392
738,0.0277970154,0.3318520784,0.8209998608
739,0.0274530798,0.3316974938,0.8459999561
740,0.0238187313,0.3318492770,0.8090000153
741,0.0275785699,0.3318215609,0.8109998703
742,0.0239878036,0.3317973018,0.8480000496
743,0.0233785957,0.3316644430,0.8209998608
744,0.0287811309,0.3317381442,0.8099999428
745,0.0239968356,0.3318350315,0.8480000496
746,0.0240168609,0.3316779733,0.8169999123
747,0.0309874862,0.3316176236,0.8150000572
748,0.0286639538,0.3317008913,0.8109998703
749,0.0238379333,0.3315795064,0.8190000057
750,0.0252366718,0.3316519558,0.8399999142
751,0.0246944875,0.3316802680,0.8219997883
752,0.0291340239,0.3316152394,0.8160002232
753,0.0303291455,0.3317013979,0.8459999561
754,0.0305028353,0.3317061961,0.8050000668
755,0.0310002808,0.3316807151,0.8350000381
756,0.0253442973,0.3315743506,0.8410000801
757,0.0254424140,0.3315518200,0.8259999752
758,0.0254714284,0.3315169811,0.8129999638
759,0.0307436138,0.3316779733,0.8099999428
760,0.0253691841,0.3316667080,0.8399999142
761,0.0314703174,0.3316997886,0.8220000267
762,0.0313848630,0.3314486742,0.8140001297
763,0.0317696109,0.3315140903,0.8120000362
764,0.0318285078,0.3315636516,0.8309998512
765,0.0321202204,0.3315326571,0.8169999123
766,0.0274603032,0.3314566016,0.8289999962
767,0.0323235095,0.3315394521,0.8150000572
768,0.0327405334,0.3314306140,0.8439998627
769,0.0268439464,0.3314027488,0.8229999542
770,0.0274627600,0.3315012455,0.8289999962
771,0.0280068573,0.3315718770,0.8129999638
772,0.0268955454,0.3314828277,0.8190000057
773,0.0279556010,0.3314296603,0.8050000668
774,0.0278539695,0.3315172791,0.8170001507
775,0.0343544297,0.3315329552,0.8169999123
776,0.0342229456,0.3316471577,0.8179998398
777,0.0302841403,0.3316571414,0.8129999638
778,0.0281945784,0.3317794204,0.8069999218
779,0.0365841575,0.3317620158,0.8090000153
780,0.0340786055,0.3315914869,0.8269999027
781,0.0350752100,0.3315078616,0.8129999638
782,0.0294282995,0.3316390216,0.8099999428
783,0.0358878188,0.3313792944,0.8090000153
784,0.0350859873,0.3315508366,0.8209998608
785,0.0362268128,0.3313440681,0.8079998493
786,0.0361001156,0.3314900398,0.8069999218
787,0.0366466604,0.3316109478,0.8050000668
788,0.0375716463,0.3313886523,0.8329999447
789,0.0385076664,0.3312718868,0.8070001602
790,0.0367225297,0.3316409290,0.8120000362
791,0.0379960686,0.3311452270,0.8109998703
792,0.0378342569,0.3312396407,0.8179998398
793,0.0370943248,0.3316648901,0.8190000057
794,0.0389317870,0.3312313855,0.8090000153
795,0.0312281419,0.3311499357,0.8109998703
796,0.0395177044,0.3312706649,0.8479998112
797,0.0387930162,0.3313934803,0.8099999428
798,0.0380003899,0.3311719298,0.8120000362
799,0.0327392109,0.3310370743,0.8089997768
800,0.0349472202,0.3311435580,0.8070001602
801,0.0400006920,0.3311712742,0.8050000668
802,0.0323524065,0.3309966922,0.8099999428
803,0.0323796421,0.3310813606,0.8099999428
804,0.0332273133,0.3312019408,0.8320000172
805,0.0359718278,0.3311892152,0.8159999847
806,0.0332107134,0.3311781287,0.8180000782
807,0.0370023288,0.3311924338,0.8190000057
808,0.0337230451,0.3311480880,0.8070001602
809,0.0344623290,0.3313645720,0.8099999428
810,0.0346722640,0.3309697509,0.8149998188
811,0.0349829756,0.3312446475,0.8090000153
812,0.0349945128,0.3309612870,0.8219997883
813,0.0343623534,0.3311588466,0.8149998188
814,0.0426971205,0.3311752677,0.8050000668
815,0.0349174477,0.3311630487,0.8300001621
816,0.0350592993,0.3312556744,0.8199999332
817,0.0359813161,0.3313444555,0.8069999218
818,0.0454671793,0.3313203454,0.8100001812
819,0.0436398312,0.3313009441,0.8150000572
820,0.0438592397,0.3309811652,0.8289999962
821,0.0357573815,0.3309655190,0.8129999638
822,0.0444043577,0.3309960961,0.8169999123
823,0.0458623208,0.3311515450,0.8099999428
824,0.0484475158,0.3308758438,0.8069999218
825,0.0454610661,0.3308863938,0.8140001297
826,0.0471510403,0.3310179114,0.8190000057
827,0.0448428430,0.3307962716,0.8150000572
828,0.0472664796,0.3311189413,0.8369998932
829,0.0457771644,0.3313069940,0.8120000362
830,0.0469862781,0.3308647275,0.8180000782
831,0.0469223671,0.3310364783,0.8090000153
832,0.0486629419,0.3310090899,0.8080000877
833,0.0472021438,0.3305712938,0.8240001202
834,0.0494417436,0.3307991624,0.8150000572
835,0.0472249910,0.3305383325,0.8159999847
836,0.0477071851,0.3307695389,0.8199999332
837,0.0481027476,0.3306539655,0.8160002232
838,0.0413226858,0.3308686018,0.8120000362
839,0.0400437154,0.3306035101,0.8110001087
840,0.0508706085,0.3307957649,0.8250000477
841,0.0515327603,0.3305997252,0.8100001812
842,0.0404782519,0.3305516541,0.8079998493
843,0.0416302420,0.3307853937,0.8120000362
844,0.0407241210,0.3305459619,0.8289999962
845,0.0495798774,0.3308699131,0.8149998188
846,0.0414266549,0.3308159411,0.8069999218
847,0.0439246260,0.3304819465,0.8129999638
848,0.0412010103,0.3305453658,0.8179998398
849,0.0434720702,0.3305248916,0.8150000572
850,0.0426096022,0.3306645751,0.8029999733
851,0.0420617387,0.3303686678,0.8129999638
852,0.0436708480,0.3306386769,0.8180000782
853,0.0460762903,0.3304665685,0.8069999218
854,0.0429013297,0.3310424685,0.8179998398
855,0.0451231897,0.3303383291,0.8109998703
856,0.0438434444,0.3305777907,0.8109998703
857,0.0566738173,0.3303334415,0.8150000572
858,0.0548236519,0.3304404020,0.8130002022
859,0.0442449115,0.3305181265,0.8150000572
860,0.0467432141,0.3303855062,0.8330001831
861,0.0548950955,0.3305012882,0.8179998398
862,0.0543575361,0.3302164972,0.8190000057
863,0.0561705977,0.3305842876,0.8119997978
864,0.0457888171,0.3301696777,0.8210000992
865,0.0575762652,0.3305918872,0.8190000057
866,0.0570386797,0.3302492797,0.8120000362
867,0.0563978925,0.3303877413,0.8130002022
868,0.0610671304,0.3305105865,0.8200001717
869,0.0570292920,0.3303806484,0.8109998703
870,0.0560913160,0.3302943707,0.8199999332
871,0.0609945059,0.3301483393,0.8069999218
872,0.0608163252,0.3304750919,0.8139998913
873,0.0583365075,0.3300303221,0.8050000668
874,0.0593538806,0.3301844299,0.8099999428
875,0.0600579455,0.3301861882,0.8130002022
876,0.0593191162,0.3306312561,0.8190000057
877,0.0496450104,0.3305325508,0.8129999638
878,0.0601286665,0.3303019106,0.8099999428
879,0.0623921305,0.3305655420,0.8170001507
880,0.0605274960,0.3299612403,0.8180000782
881,0.0509915464,0.3301284313,0.8159999847
882,0.0507336333,0.3297226429,0.8109998703
883,0.0616387911,0.3300902247,0.8080000877
884,0.0625769198,0.3304783702,0.8440001011
885,0.0509400815,0.3300977349,0.8040001392
886,0.0554108582,0.3302375674,0.8050000668
887,0.0524260662,0.3300346434,0.8099999428
888,0.0537635200,0.3299985528,0.8080000877
889,0.0516776517,0.3299909532,0.8059999943
890,0.0534076020,0.3298503458,0.8159999847
891,0.0521548167,0.3298389912,0.8099999428
892,0.0549940690,0.3297918141,0.8170001507
893,0.0533268638,0.3297826946,0.8099999428
894,0.0528043620,0.3296015263,0.8159999847
895,0.0545391887,0.3299555182,0.8229999542
896,0.0661431998,0.3297839761,0.8090000153
897,0.0546773709,0.3298916519,0.8090000153
898,0.0549740680,0.3297638297,0.8079998493
899,0.0551994219,0.3302593827,0.8019998074
900,0.0676344410,0.3299165964,0.8179998398
901,0.0696304888,0.3297152221,0.8080000877
902,0.0556979030,0.3300226629,0.8049998283
903,0.0595639423,0.3299367428,0.8059999943
904,0.0687553361,0.3296692371,0.8079998493
905,0.0679662228,0.3297972977,0.8129999638
906,0.0690880045,0.3299652040,0.8109998703
907,0.0704968199,0.3295323253,0.8099999428
908,0.0707153678,0.3299525082,0.8470001221
909,0.0718867108,0.3296337426,0.8139998913
910,0.0722498149,0.3294274807,0.8140001297
911,0.0725485981,0.3294409513,0.8040001392
912,0.0755800903,0.3295795321,0.8069999218
913,0.0729364306,0.3291525841,0.8190000057
914,0.0708511397,0.3291466534,0.8169999123
915,0.0716931969,0.3291378915,0.8099999428
916,0.0738486499,0.3291156888,0.8489999771
917,0.0753704756,0.3291980028,0.8120000362
918,0.0758811459,0.3289703727,0.8139998913
919,0.0763272569,0.3294600248,0.8159999847
920,0.0648297220,0.3291278780,0.8120000362
921,0.0748197511,0.3294156194,0.8169999123
922,0.0769275203,0.3293409348,0.8150000572
923,0.0769694969,0.3295921683,0.8079998493
924,0.0626368150,0.3288363218,0.8329999447
925,0.0630636811,0.3292434514,0.8039999008
926,0.0630097911,0.3293240070,0.8160002232
927,0.0635821372,0.3293203712,0.8190000057
928,0.0654063523,0.3292486668,0.8079998493
929,0.0645965785,0.3290374875,0.8240001202
930,0.0668465793,0.3287912607,0.8069999218
931,0.0663183704,0.3290315568,0.8119997978
932,0.0652423874,0.3289982080,0.8279998302
933,0.0657332987,0.3289394975,0.8129999638
934,0.0688922778,0.3289980292,0.8129999638
935,0.0658432320,0.3296508491,0.8139998913
936,0.0697628111,0.3289420903,0.8029999733
937,0.0666091144,0.3291836381,0.8190000057
938,0.0666495785,0.3291806281,0.8080000877
939,0.0803548098,0.3291419148,0.8099999428
940,0.0858289674,0.3289365768,0.8259999752
941,0.0685402006,0.3289182186,0.8139998913
942,0.0698835477,0.3288605213,0.8199999332
943,0.0864229351,0.3290503025,0.8050000668
944,0.0903216153,0.3286103606,0.8229999542
945,0.0873982683,0.3287839293,0.8109998703
946,0.0691789463,0.3291868567,0.8149998188
947,0.0842222795,0.3287828565,0.8159999847
948,0.0857076868,0.3292076588,0.8289999962
949,0.0871806741,0.3290866017,0.8120000362
950,0.0873443708,0.3285863101,0.8190000057
951,0.0882204100,0.3290243745,0.8120000362
952,0.0890072733,0.3285288215,0.8090000153
953,0.0914351717,0.3284450769,0.8249998093
954,0.0898508579,0.3285080492,0.8099999428
955,0.0907730013,0.3281422853,0.8149998188
956,0.0920810699,0.3285820484,0.8250000477
957,0.0894552097,0.3295192719,0.8079998493
958,0.0892083943,0.3280783892,0.8089997768
959,0.0743719637,0.3287220299,0.8050000668
960,0.0940466374,0.3290356696,0.8080000877
961,0.0955183655,0.3288598359,0.8050000668
962,0.0941190347,0.3284916878,0.8110001087
963,0.0762783214,0.3278751969,0.8220000267
964,0.0776530132,0.3283158839,0.8149998188
965,0.0927158669,0.3281406164,0.8069999218
966,0.0921389163,0.3285138011,0.8130002022
967,0.0771656111,0.3281678557,0.8149998188
968,0.0771409720,0.3287205994,0.8059999943
969,0.0778889582,0.3283890784,0.8040001392
970,0.0834823698,0.3281116486,0.8120000362
971,0.0826732740,0.3288820684,0.8149998188
972,0.0803325027,0.3283295631,0.8349997997
973,0.0854840279,0.3277309239,0.8080000877
974,0.0829403028,0.3281034231,0.8139998913
975,0.0824344233,0.3277980387,0.8110001087
976,0.0837728605,0.3282916844,0.8179998398
977,0.0817935914,0.3280214667,0.8120000362
978,0.1020574346,0.3285617828,0.8120000362
979,0.0834081694,0.3279590011,0.8119997978
980,0.0841920748,0.3282691240,0.8339998722
981,0.0844768062,0.3281245530,0.8080000877
982,0.1008526832,0.3276481032,0.8080000877
983,0.1012543142,0.3288877010,0.8059999943
984,0.0830903724,0.3278785944,0.8179998398
985,0.0878588110,0.3282652497,0.8159999847
986,0.1080842093,0.3280584216,0.8109998703
987,0.1037562713,0.3282476664,0.8180000782
988,0.1085333973,0.3282440305,0.8330001831
989,0.1114981696,0.3273636401,0.8040001392
990,0.1045150161,0.3280013800,0.8079998493
991,0.1088074595,0.3278459311,0.8200001717
992,0.1084729806,0.3281114101,0.8079998493
993,0.1073754877,0.3271871209,0.8250000477
994,0.1106482521,0.3280844688,0.8090000153
995,0.1109449044,0.3277063370,0.8199999332
996,0.1133632883,0.3274462223,0.8259999752
997,0.1168472245,0.3273526132,0.8069999218
998,0.1090981513,0.3275558949,0.8069999218
999,0.1088101715,0.3273375630,0.8080000877
1000,0.1096331701,0.3283148408,0.8199999332
1001,0.1134175509,0.3286687136,0.8039999008
