{
	// Level information
	"id": "easy",
	"name": "pointless",
	"description": "easiest level of difficulty",
	"author": "vee",
	"menu_priority": 10,
	"selectable": true,
	
	// Style
	"style_id": "dark",
	
	// Music
	"music_id": "jackRussel",
	
	// Lua
	"lua_file": "defaultLevels/easypatterns.lua",
	
	// Difficulty multipliers
	"difficulty_multipliers": [1.5, 2, 2.5, 3, 0.5],
	
	// Basic values
	"speed_multiplier": 1.55,
	"speed_increment": 0.125,	
	"rotation_speed": 0.07,
	"rotation_increment": 0.04,
	"delay_multiplier": 1.00,
	"delay_increment": -0.01,
	"fast_spin": 0.00,
	"sides": 6,
	"sides_min": 5,
	"sides_max": 6,
	"increment_time": 15,
	"rotation_speed_max": 0.4,
	
	"pulse_min": 75,
	"pulse_max": 91,
	"pulse_speed": 1.2,
	"pulse_speed_r": 1,
	"pulse_delay_max": 23.9,
	
	"beatpulse_max": 17,
	"beatpulse_delay_max": 24.8,
	
	// Events
	"events":
	[
		{ "time": 0, 	"type": "message_add", 		"duration": 150, 	"message": "tutorials are over" },
		{ "time": 0, 	"type": "message_add", 		"duration": 150, 	"message": "good luck getting high scores!" }
	]
}