{
	// Level information
	"id": "extra",
	"name": "euclidean plane 
crash",
	"description": "special level of difficulty",
	"author": "vee",	
	"menu_priority": 50,
	"selectable": true,
	
	// Style
	"style_id": "danger",
	
	// Music
	"music_id": "steampunkWarlord",
	
	// Lua
	"lua_file": "defaultLevels/hardpatterns.lua",
	
	// Difficulty multipliers
	"difficulty_multipliers": [1.25, 1.50, 0.75, 0.5, 0.25],
	
	// Basic values
	"speed_multiplier": 2.69,
	"speed_increment": 0.00,
	"rotation_speed": 0.25,
	"rotation_increment": 0.04,
	"delay_multiplier": 1.00,
	"delay_increment": 0.00,
	"fast_spin": 85.00,
	"sides": 8,
	"sides_min": 8,
	"sides_max": 8,
	"increment_time": 15,
	"rotation_speed_max": 0.4,
	
	//Events
	"events":
	[
	]
}