{
	// Level information
	"id": "goldenratio",
	"name": "golden ratio",
	"description": "relax with the spirals",
	"author": "vee",	
	"menu_priority": 150,
	"selectable": true,
	
	// Style
	"style_id": "goldenratio",
	
	// Music
	"music_id": "captainCool",
	
	// Lua
	"lua_file": "defaultLevels/zen.lua",
	
	// Difficulty multipliers
	"difficulty_multipliers": [1.25, 1.50, 0.75, 0.5, 0.25],
	
	// Basic values
	"speed_multiplier": 1.65,
	"speed_increment": 0.10,
	"rotation_speed": 0.0,
	"rotation_increment": 0.10,
	"delay_multiplier": 1.00,
	"delay_increment": 0.00,
	"fast_spin": 50.00,
	"sides": 6,
	"sides_min": 5,
	"sides_max": 7,
	"increment_time": 10,
	"wall_skew_right": -20, 
	"rotation_speed_max": 0.4,
	
	//Events
	"events":
	[
	]
}