{
	// Level information
	"id": "lunatic",
	"name": "apeirogon",
	"description": "hardest level of difficulty",
	"author": "vee",	
	"menu_priority": 40,
	"selectable": true,
	
	// Style
	"style_id": "gray",
	
	// Music
	"music_id": "milkyWays",
	
	// Lua
	"lua_file": "defaultLevels/lunaticpatterns.lua",
	
	// Difficulty multipliers
	"difficulty_multipliers": [1.25, 1.40, 0.75, 0.5, 0.35],
	
	// Basic values
	"speed_multiplier": 2.89,
	"speed_increment": 0.067,
	"rotation_speed": 0.31,
	"rotation_increment": 0.040,
	"delay_multiplier": 1.10,
	"delay_increment": 0.00,
	"fast_spin": 71.00,
	"sides": 6,
	"sides_min": 5,
	"sides_max": 7,
	"increment_time": 15,
	"rotation_speed_max": 0.4,
	
	"pulse_min": 64,
	"pulse_max": 84,
	"pulse_speed": 2.01,
	"pulse_speed_r": 1.54,
	"pulse_delay_max": 3.7,
	"pulse_delay_max": 9.1,
	
	"beatpulse_max": 15,
	"beatpulse_delay_max": 21.8,
	
	//Events
	"events": []
}