{
	// Level information
	"id": "normal",
	"name": "flattering shape",
	"description": "normal level of difficulty",
	"author": "vee",	
	"menu_priority": 20,
	"selectable": true,
	
	// Style
	"style_id": "toxic",
	
	// Music
	"music_id": "starshipShowdown",
	
	// Lua
	"lua_file": "defaultLevels/normalpatterns.lua",
	
	// Difficulty multipliers
	"difficulty_multipliers": [1.5, 2, 2.5, 0.5],
	
	// Basic values
	"speed_multiplier": 1.84,
	"speed_increment": 0.18,
	"rotation_speed": 0.13,
	"rotation_increment": 0.040,
	"delay_multiplier": 1.00,
	"delay_increment": -0.03,
	"fast_spin": 0.00,
	"sides": 6,
	"sides_min": 5,
	"sides_max": 6,
	"increment_time": 15,
	"rotation_speed_max": 0.4,
	
	"pulse_min": 75,
	"pulse_max": 91,
	"pulse_speed": 1.5,
	"pulse_speed_r": 0.6,
	"pulse_delay_max": 9.1,
	
	"beatpulse_max": 17,
	"beatpulse_delay_max": 23.8,
	
	// Events
	"events":
	[
	]
}