{
	// Level information
	"id": "tutorial",
	"name": "baby steps",
	"description": "learn to play openhexagon",
	"author": "vee",
	"menu_priority": 0,
	"selectable": true,
	
	// Style
	"style_id": "tutorial",
	
	// Music
	"music_id": "drFinkelfracken",
	
	// Lua
	"lua_file": "defaultLevels/tutorial.lua",
	
	// Basic values
	"speed_multiplier": 0.85,
	"speed_increment": 0.05,	
	"rotation_speed": 0.04,
	"rotation_increment": 0.03,
	"delay_multiplier": 1.00,
	"delay_increment": 0.00,
	"fast_spin": 0.00,
	"sides": 6,
	"sides_min": 6,
	"sides_max": 6,
	"increment_time": 15,
	"rotation_speed_max": 0.4,
	
	// Events
	"events":
	[
		{ "time": 0, 	"type": "timeline_wait", 	"duration": 300 },
		{ "time": 0, 	"type": "time_stop", 		"duration": 300 },
		{ "time": 0, 	"type": "message_important_add", 		"duration": 170, 	"message": "welcome to open hexagon" },
		{ "time": 0, 	"type": "message_important_add", 		"duration": 170, 	"message": "use left/right to rotate" },
		{ "time": 0, 	"type": "message_important_add", 		"duration": 170, 	"message": "avoid the walls!" },
		{ "time": 12, 	"type": "timeline_wait", 	"duration": 300 },
		{ "time": 14, 	"type": "time_stop", 		"duration": 300 },
		{ "time": 14, 	"type": "message_important_add", 		"duration": 100, 	"message": "great job!"},
		{ "time": 14, 	"type": "message_important_add", 		"duration": 200, 	"message": "after a while, things get harder" },
		{ "time": 28, 	"type": "timeline_wait", 	"duration": 200 },
		{ "time": 30, 	"type": "time_stop", 		"duration": 200 },
		{ "time": 30, 	"type": "message_important_add", 		"duration": 200, 	"message": "get to 45 seconds to win!" },
		{ "time": 45, 	"type": "level_change", 	"id": "Packs/VeeDefault/tutorial2" }
	]
}