{
	// Level information
	"id": "tutorial2",
	"name": "more baby steps",
	"description": "learn to play openhexagon
a little more",
	"author": "vee",
	"menu_priority": 0,
	"selectable": false,
	
	// Style
	"style_id": "tutorial2",
	
	// Music
	"music_id": "drFinkelfracken",
	
	// Lua
	"lua_file": "defaultLevels/tutorial.lua",
	
	// Basic values
	"speed_multiplier": 1.00,
	"speed_increment": 0.075,	
	"rotation_speed": 0.05,
	"rotation_increment": 0.05,
	"delay_multiplier": 1.00,
	"delay_increment": 0.00,
	"fast_spin": 0.00,
	"sides": 6,
	"sides_min": 6,
	"sides_max": 6,
	"increment_time": 15,
	"wall_skew_left": 15,
	"wall_skew_right": -15,
	"rotation_speed_max": 0.4,
	
	// Events
	"events":
	[
		{ "time": 0, 	"type": "timeline_wait", 	"duration": 250 },
		{ "time": 0, 	"type": "time_stop", 		"duration": 250 },
		{ "time": 0, 	"type": "message_add", 		"duration": 170, 	"message": "this is the second tutorial" },
		{ "time": 0, 	"type": "message_important_add", 		"duration": 170, 	"message": "things are slightly harder now" },
		{ "time": 0, 	"type": "message_important_add", 		"duration": 120, 	"message": "be careful!" },
		{ "time": 28, 	"type": "timeline_wait", 	"duration": 200 },
		{ "time": 30, 	"type": "time_stop", 		"duration": 200 },
		{ "time": 30, 	"type": "message_important_add", 		"duration": 210, 	"message": "get to 45 seconds to win!" },
		{ "time": 43, 	"type": "timeline_wait", 	"duration": 600 },
		{ "time": 45, 	"type": "time_stop",		"duration": 300 },		
		{ "time": 45,	"type": "message_important_add",		"duration": 120,	"message": "congratulations!" },
		{ "time": 46,	"type":	"menu"}
	]
}